uid,body,title,url,newspaper_uid,host,n_tokens_title,n_tokens_body
3a1d7e432250efc1e5269d1d9a8a97e0,"Seguramente estará usted, como estoy yo, querida lectora, querido lector, con el ánimo patrio un poco apagado. Es comprensible: llevamos más de seis meses en un encierro frustrante e incómodo, sin clara perspectiva de cuándo y cómo va a terminar. Si usted es además como yo, no estará planeando grandes festejos ni reuniones, porque es una persona consciente y responsable de lo que hacerlo implica, para usted y para los demás. Y si hizo gran pachanga la noche del 15 entonces no estará en condiciones de leer este texto, así que podemos continuar.Una noche de Grito con las plazas vacías será un duro recordatorio de los alcances de la crisis que vivimos. Los niveles de crispación política también lo son, y esos no comienzan ni terminan con las celebraciones. En un momento en que el país debería estar más unido que nunca, tanto el gobierno como sus críticos y opositores se dedican al golpeteo, a la descalificación, a la distracción mediática.Muchas líneas he dedicado a ello los últimos meses como para repetirme ahora, tarde de 15 de septiembre, mientras disfruto un mezcal oaxaqueño acompañado de unos cacahuates de la tierra de mis antepasados, Chiapas, y reflexiono acerca del país que podríamos tener, si a construirlo nos dedicáramos en vez de dejarnos distraer.Un país un poco, o un mucho, más justo, que recompense adecuadamente el trabajo y sepa proteger e impulsar a quienes nacieron en la desventaja. Un país que castigue en serio a quien infringe la ley, pero que lo haga en serio, no con los niveles insultantes de impunidad. Un país en el que las mujeres puedan caminar por las calles con tranquilidad, en el que no tengan que recurrir a los extremos para exigir lo que merecen, lo que les corresponde. Un país más solidario, en el que las tragedias nos enseñen de lo que estamos hechos, y que lo que salga a la superficie sea la casta y no el cobre.¿Sueños guajiros? No tienen por qué serlo, si solo nos ocupáramos un poco más de lo que nos toca hacer y un poco menos en escudarnos en el pretexto constante de lo que no hacen los otros. Si dejamos de descalificar a quienes piensan distinto y empezamos a preguntarnos por qué lo hacen, si tratamos de entender cómo es que hay tantos mexicanos que son diferentes a nosotros y que son igual de mexicanos, merecen el mismo trato, el mismo respeto, hayan votado por quien hayan votado.He tenido la fortuna, a lo largo de mi vida, de recorrer varias veces el país, de conocer muchos de sus rincones, de conocer sus maravillas y carencias, de ver el esfuerzo de quienes no tienen nada que no se hayan ganado con su trabajo diario. Y al verlo, al recordarlo, sé que no es una ilusión pensar en un país más justo, más solidario, más prospero. Un país que nos enorgullezca, que nos haga sentir que lo que hacemos vale la pena más allá de nuestra satisfacción individual.La materia prima está ahí: 120 millones de personas que quieren eso mismo que les acabo de describir en estas breves y mal escritas líneas. Por ellos, por nosotros, trabajemos para que el grito que hoy resonará en televisores y altavoces se haga un día realidad:¡Que viva México!Analista político. ",que viva mexico,http://www.eluniversal.com.mx/opinion/gabriel-guerra/que-viva-mexico,eluniversal,www.eluniversal.com.mx,2,237
3913c8a46adf27b67ef04ac06cb26d4e,"Un gol de Coutinho y un doblete de Lionel Messi certificó la segunda victoria (3-1) del Barcelona en la pretemporada, esta vez a costa del Girona, que mantuvo el tipo en diversas fases, pese a la superioridad azulgrana.Koeman apostó de nuevo por un 4-2-3-1, con Busquets y De Jong en el doble pivote, y alargó su once titular durante una hora, quince minutos más que contra el Nàstic, donde jugaron dos equipos completamente distintos en cada mitad.Coutinho, rehabilitado por el técnico holandés, avisó al inicio del encuentro, en un disparo que se estrelló contra el larguero, tras rebotar en la zaga rojiblanca. También lo hizo Messi, a los veinte minutos, en un remate a centro del propio Coutinho que entre el meta Juan Carlos y la defensa del Girona despejaron para evitar el primero de los azulgranas. Leo #Messi pic.twitter.com/1n1KYgXMmR — FC Barcelona (@FCBarcelona_es) September 16, 2020Aunque en la jugada siguiente, Coutinho marcaría a placer, tras una combinación entre Messi y Trincao (1-0). Es el segundo gol del brasileño en esta pretemporada.  Messi, más participativo que en el amistoso de hace cuatro días, haría el segundo, en la última jugada antes del descanso, con un tiro ajustado con la diestra, desde la frontal, que pegaba en el palo antes de besar la red.Una pérdida de De Jong al inicio de la reanudación la aprovechaba Manu Saiz para recortar distancias (2-1). El Girona parecía animarse por momentos y se acercaba con más peligro a la portería defendida por Neto.Pero la alegría apenas le duraba cinco minutos al equipo de Francisco Rodríguez, lo que tardó Messi en hacer el tercero, con otro disparo desde la frontal, esta vez, con la zurda, que desviaba la defensa rojiblanca para despistar a Juan Carlos.Puedes leer: ""Clubes europeos felicitan a México por el Día de la Independencia""Jairo y Samu Saíz intentaban poner a prueba a Neto antes de la hora de juego y de que Koeman renovara todo el equipo. En la segunda unidad azulgrana, Pedri reivindicaba su descaro con dos remates que Suárez, sustituto de Juan Carlos, evitó que acabaran en gol con dos grandes acciones. Dembélé, otro de los animadores de la última media hora, también pudo hacer el cuarto con una gran jugada individual antes de disparar alto cuando lo tenía todo para marcar, pero el marcador ya no se movió. El Barça va afinando su puesta a punto para regresar a la máxima competición y Koeman, poco a poco, va perfilando el equipo que quiere ver esta temporada. De momento, sin Pjanic ni Todibo, que aún no han podido debutar a causa del coronavirus.    ",messi se reconcilia con el barcelona marca doblete ante el girona,https://www.eluniversal.com.mx/universal-deportes/futbol/messi-se-reconcilia-con-el-barcelona-marca-doblete-ante-el-girona,eluniversal,www.eluniversal.com.mx,6,218
ac1e577808d5ab908eff1a9990931028,"San José.- Un tribunal costarricense condenó por lavado de dinero a 10 años de cárcel cada uno a dos pilotos mexicanos, uno de los cuales, identificado como Luis Eduardo Gómez Mendoza, fue señalado por la Fiscalía General de Costa Rica de ser ""asesor del Parlamento Federal de México"", anunciaron este mediodía fuentes oficiales en San José.La Fiscalía reportó a EL UNIVERSAL que Gómez Mendoza fungió como ""asesor de planta"" del Congreso de la Unión de México y que durante el juicio recibió ""apersonamiento y asistencia"" de funcionarios del consulado mexicano en Costa Rica.""En el juicio se demostró que Gómez Mendoza era asesor del Parlamento Federal de México"", recalcó, en referencia a la máxima instancia legislativa de México y en un informe del que este diario tiene copia.La sentencia por legitimación de dinero fue dictada este lunes por la noche por el Tribunal Penal de Pavas, un suburbio del oeste de la capital costarricense.Según el recuento de hechos suministrado a este diario, la Fiscalía Adjunta contra la Legitimación de Capitales y Capitales Emergentes logró una condena de 10 años de prisión cada uno contra Luis Eduardo Gómez Mendoza y José Humberto Benavidez Muñoz.""De acuerdo con la pieza acusatoria, los imputados mantuvieron vinculaciones con una organización criminal internacional, la cual se dedicaba a traficar droga y a legitimar capitales entre México y Costa Rica"", precisó.""La Fiscalía comprobó que, previo al 5 de julio del 2019, los imputados recibieron 84 mil dólares provenientes del narcotráfico, los cuales procedieron a trasladar desde México (a Costa Rica) en una avioneta, aprovechando que ambos son pilotos"", aseguró.Según la parte acusatoria, la prueba presentada en contra de ambos ""permitió acreditar que los imputados ocultaron el dinero debajo de los asientos delanteros de la aeronave, en un compartimiento no visible, oculto con bolsas plásticas que contenían fibra de vidrio y aluminio"".""Para poder transportar el dinero, los imputados elaboraron un viaje falso de turismo desde México, pasando por ciudades como Chihuahua, Morelia y Oaxaca, por El Salvador y, como destino final, Costa Rica, por lo que se hicieron acompañar de dos pasajeros, a quiénes no se les vinculó con el delito"", describió la Fiscalía.Los dos llegaron el 5 de julio de 2019 al aeropuerto internacional Tobías Bolaños, una de las principales terminales aéreas de este país, donde efectivos de la Policía de Control de Drogas y del Servicio de Vigilancia Aérea del Ministerio de Seguridad Pública de este país, con apoyo de un perro, revisaron la avioneta.""Durante la revisión, el can detectó una sustancia ilícita en el asiento alterado, por lo que se procedió a revisar y se ubicó el dinero. Seguido a ello, la Fiscalía ordenó la detención de los pilotos y el decomiso del dinero"", puntualizó.Los dos permanecerán seis meses más en prisión preventiva, mientras la sentencia queda en firme, explicó.Costa Rica se convirtió hace más de 45 años en un puente clave para el narcotráfico por su posición geográfica en el sur de Centroamérica de cercanía con los centros de producción de cocaína y de otras drogas en Colombia y de contrabando desde ese país, Venezuela, Ecuador, Bolivia y Perú, con los principales mercados de consumo en EU.Organizaciones como el cártel de Sinaloa están entre las mafias mexicanas con mayor presencia y actividad en Costa Rica, que se convirtió en una base para el tráfico, el almacenamiento y la reexportación de alucinógenos a México, EU y varias partes del mundo.Datos oficiales actualizados y suministrados hoy a este periódico por el Ministerio de Justicia de Costa Rica mostraron que en las prisiones costarricenses hay 56 mexicanos encarcelados por distintos delitos y en diferencia situación judicial.grg",dan 10 anos de carcel en costa rica mexicano asesor del congreso de la union,https://www.eluniversal.com.mx/nacion/dan-10-anos-de-carcel-en-costa-rica-mexicano-asesor-del-congreso-de-la-union,eluniversal,www.eluniversal.com.mx,9,310
a4eace51a8dab22fb9c7167ae0e008f8,"El ensayo clínico de un suero equino hiperinmune para combatir el Covid-19 se realiza en pacientes de 18 hospitales y sanatorios de Argentina, informó este miércoles a la AFP una vocera de la investigación.La fase de evaluación clínica incluye la participación voluntaria de 242 pacientes y su finalización se estima para el mes de octubre, según la fuente.Argentina registra más de 577 mil casos de coronavirus, con casi 12 mil fallecidos, una tasa de mortalidad que, sin embargo, no figura entre las más altas de la región.La experimentación ""está basada en anticuerpos policlonales equinos, obtenidos mediante la inyección de una proteína recombinante del SARS-CoV-2 en estos animales, inocua para ellos, que hace que generen gran cantidad de anticuerpos neutralizantes"", dijo la encargada de prensa Silvina Berta.El proyecto lo lleva adelante la firma biotecnológica Inmunova, en cooperación con la estatal Universidad de San Martín, entre otros organismos.""Hasta el momento ya se ha completado 53% del estudio clínico"", que se inició en julio con investigadores argentinos, indicó la portavoz.El suero ""fue concebido para inmunización pasiva, lo cual significa que al paciente se le administran anticuerpos contra el agente infeccioso para bloquearlo y evitar que se propague en el organismo"", agregó.Lee más: Pacientes de Covid-19 son tratados con suero obtenido de caballosLa Fase 2/3 del estudio evalúa la seguridad y eficacia del suero en pacientes adultos con enfermedad moderada a severa, dentro de diez días del inicio de síntomas y que requieren hospitalización.Tras la extracción del plasma (de caballos), un proceso similar al que se utiliza cuando se extrae de personas, ""los anticuerpos se purifican y procesan, a través de un proceso biotecnológico"", dijo la portavoz.""En pruebas de laboratorio in vitro demostró la capacidad de neutralizar el virus, con una potencia alrededor de 50 veces mayor que el promedio del plasma de convalecientes"", añadió.Los resultados de las pruebas fueron publicados en la revista especializada Medicina.Otros cuatro centros de salud públicos y privados serán incorporados al programa hasta completar 22.""El laboratorio, al margen del resultado final, ya empezó a producir el suero para tenerlo rápidamente disponible en el caso de que resulte eficaz y autorizado"", añadió la informante.Lee más: EU considera ahora innecesarias las pruebas de Covid-19 en pacientes asintomáticosCosta Rica comenzó la semana pasada a probar en humanos un tratamiento similar del que se espera obtener los primeros resultados en pocas semanas, según las autoridades.En Brasil, el Instituto Vital Brazil, la Universidad Federal de Río de Janeiro y la Fundación Oswaldo Cruz (Fiocruz) se preparan para iniciar su ensayo con plasma equino en pacientes de Covid-19.lsm/fml ",prueban suero equino en pacientes covid 19 de 18 hospitales de argentina,https://www.eluniversal.com.mx/mundo/prueban-suero-equino-en-pacientes-covid-19-de-18-hospitales-de-argentina,eluniversal,www.eluniversal.com.mx,7,217
8aaaff5e66923f092ac86604edff607d,"Nos hacen ver que en las últimas semanas, el presidente Andrés Manuel López Obrador ha asegurado que según “su encuesta” tiene arriba de 70% de respaldo de la población para continuar en el cargo.  La mañana de ayer, de nueva cuenta, el mandatario refirió que el anterior fin de semana, en esta misma encuesta, subió un punto en el apoyo de la gente para seguir en el cargo.  “No es para presumir, pero en la última encuesta de este fin de semana, a la pregunta de ‘¿Quiere que continúe o que renuncie el Presidente?’, traigo 71% de que continúe. Subí un punto, pero también la oposición subió un punto, porque era 70-25, ahora es 71-26. Ahí la llevamos poco a poco”. Sin embargo, lo que el titular del Ejecutivo no ha dicho cuál es esta encuesta que mide su popularidad, quién la realiza, con qué dinero se paga, o como diría su paisano Chico Che “quien pompó”.La papa caliente de la consulta de juicio a expresidentesLa ausencia del presidente de la Suprema Corte de Justicia de la Nación, el ministro Arturo Zaldívar, a dos actos del presidente Andrés Manuel López Obrador en las últimas dos semanas: el mensaje en Palacio Nacional por el Segundo Informe de Gobierno y la conmemoración de la gesta de los Niños Héroes en el Altar a la Patria, nos hacen ver, podría estar relacionada con el tema de la consulta popular que AMLO solicitó ayer realizar con el fin de que la sociedad decida si los cinco anteriores presidentes de la República deben ser sometidos a juicio. Será la Corte quien determine si la pregunta para realizar esta consulta es constitucional o no, lo que deja la última palabra en este tema al máximo tribunal, que al final del día tendrá que asumir el costo de la decisión. ¿Será que en el alto tribunal constitucional no estén contentos de tener esa papa caliente en las manos? o ¿que dada la relevancia del tema nos es muy conveniente que los titulares de los dos poderes se reúnan en actos públicos?Diputados se premian con largo puenteQué desgastante es la labor de legislar. Aunque los diputados federales tuvieron una semana relajada, primero porque solamente están desahogando la Glosa del Segundo Informe de Gobierno del presidente, Andrés Manuel López Obrador y tuvieron dos sesiones (lunes y martes) de solo un par de horas debido a las medidas de sana distancia, este gran esfuerzo les valió una recompensa. Luego de  tan arduo esfuerzo tendrán un puente de seis días, pues regresarán a sesionar hasta el próximo martes 22 de septiembre. Pero no crea que esto es un abuso, lo que sucede es que los hombres y mujeres que hacen las leyes de esta nación entrarán de lleno al debate del Paquete Económico del 2021 y todos los recortes y todo el sacrificio que ello implica. Ni hablar, la Patria es primero, ya luego vendrán las largas vacaciones de fin de año.Ahora PT pide la cabeza de un secretario de la 4TY por si alguien no creía que el PT ya marcó su propio camino en la 4T y va por su propia ruta, aquí una prueba. Nos comentan que este grupo parlamentario, que encabeza Reginaldo Sandoval, presentó una iniciativa para crear la Ley General de Educación Superior y en este marco, aseguraron con nombre y apellido, que el actual titular de la SEP, Esteban Moctezuma Barragán no pertenece al movimiento de la 4T y no responde a las expectativas. Además, aseguran que don Esteban no ha reinstalado a los profesores que se opusieron a la reforma educativa, y está acompañado de funcionarios que están lejos de la tarea que encabeza el presidente, Andrés Manuel López Obrador. Por si fuera poco, el PT acusó que Moctezuma Barragán ha enviado iniciativas de ley a los congresos de los estados que van en contra de lo que se ha aprobado a nivel federal. Nos aseguran que en el gobierno federal no han visto nada bien esta postura del PT y señalan que Moctezuma está firme en el cargo. Lo que sí es un hecho, es que la relación PT-Morena está prácticamente muerta.Did President López Obrador launch a poll? ",quien pompo encuesta del presidente,http://www.eluniversal.com.mx/opinion/periodistas-el-universal/quien-pompo-encuesta-del-presidente,eluniversal,www.eluniversal.com.mx,3,334
5517cc2cfb6522ad227e444a08b81646,nan,miguel carbonell,http://www.eluniversal.com.mx/autor-opinion/articulistas/miguel-carbonell,eluniversal,www.eluniversal.com.mx,2,1
f859307c8913c22862270d2e00913737,"Para el americanismo no hay juego más importante que en el que se enfrentan al Guadalajara. Es el Clásico, y es todo.Los demás clubes “tendrán otros, nosotros sólo tenemos éste y tenemos que ganarlo”, coinciden leyendas de las Águilas.El máximo referente, el americanista número 1, Carlos Reinoso, plasmó el sentimiento en sus redes sociales: “En los clásicos se juega el orgullo de las dos aficiones; no son tres puntos... Se juega con el corazón por delante, por no  decir hue...”.Lee también: Miguel Herrera se queja de los Clásicos seguidosPorque los demás equipos, hasta el mismo Guadalajara, tienen otros juegos clave. El América no, las Águilas sólo se enfocan en las Chivas. Lo es todo.“Es el acérrimo rival. La lucha del equipo del pueblo contra el más odiado”, opina el exportero Adrián Chávez.“Se debe vivir con una responsabilidad total. Es un juego en el que no debes relajarte”, rememora Armando Manzo. “Hay odio deportivo, son juegos de no cambiar la camiseta”, asegura Aarón Padilla Junior, y Adolfo Ríos lo tiene claro: ”El Clásico lo es todo, es nacional e internacional. Es un juego que se cobra aparte; el orgullo va por delante, no se quiere otra cosa que ganar ese juego”.Clásico se que vivirá sin gente, pero no por eso deja de pelearse.... Porque lo es todo.  ",america ante chivas es el partido mas importante exjugadores,http://www.eluniversal.com.mx/universal-deportes/futbol/america-ante-chivas-es-el-partido-mas-importante-exjugadores,eluniversal,www.eluniversal.com.mx,6,94
c9476c5e5db885e34919f12f482ba207,"La pinza que atenaza a Felipe Calderón lo aprieta poco a poco, pero consistentemente. Conforme la cierra AMLO, sea por venganza política, por afán sinceramente justiciero o por ambas razones, lo acerca al punto de la trituración. Así lo dejó ver ayer la desesperada exigencia del expresidente de que ya no lo atosiguen, lo que remite al agobio, acaso su estado de ánimo. Pero también lo dejan ver hechos recientes. En Estados Unidos se acopian cada vez más evidencias contra quien fuera el hombre fuerte de Calderón. La corte federal de Nueva York que procesa a Genaro García Luna, recibió el lunes del Departamento de Justicia 17 grabaciones de conversaciones interceptadas al exsecretario de Seguridad Pública y dos expedientes sobre su historial financiero. Es tal el cúmulo de pruebas sobre nexos criminales que podrían incriminar al expresidente, que sus abogados han replanteado al juez Brian Cogan la posibilidad de evitar el proceso acogiéndose al programa de testigos protegidos. Cualquiera de los dos escenarios mantendría al expresidente en el centro de la trama. En México, AMLO dio ayer el primer paso hacia la consulta popular sobre el enjuiciamiento a Calderón y otros cuatro expresidentes. Sin señalar tipos penales específicos, esbozó probables responsabilidades. A Salinas la instauración del neoliberalismo, las privatizaciones y la desigualdad que trajeron (muchos pobres y un buen número de multimillonarios), sin que privatizar (a menos que se pruebe corrupción en el proceso) o la opción por un modelo económico y sus consecuencias, puedan, francamente, considerarse un delito. A Zedillo, el rescate bancario (Fobaproa) que hipotecó al país. A Fox, su indebida intervención en el proceso electoral de 2006, que determinó que sí lo hizo, pero nada más tantito. A Calderón, el fraude electoral del que se benefició, el sangriento saldo de su guerra con el narcotráfico y sus presuntos vínculos con éste a través de García Luna. Y a Peña Nieto, la irrupción a su campaña electoral de grandes cantidades de dinero, producto de sobornos para amarrar contratos en su gobierno, la compra de votos de legisladores del PAN para la aprobación de la reforma energética y la compra a sobreprecio a intereses privados de plantas chatarra. Con tales consideraciones, López Obrador planteó la pregunta de la consulta: ¿Está de acuerdo o no con que las autoridades competentes, con apego a las leyes y procedimientos aplicables, investiguen, y en su caso sancionen, la presunta comisión de delitos por parte de los expresidentes Carlos Salinas de Gortari, Ernesto Zedillo Ponce de León, Vicente Fox Quesada, Felipe Calderón Hinojosa y Enrique Peña Nieto? La petición de consulta fue entregada ayer mismo al Senado que, a su vez, la hizo llegar a la Corte. Ésta, antes de que se continúe el proceso de aprobación, organización y realización de la consulta popular, deberá determinar, en no más de veinte días, si la pregunta se apega y respeta derechos establecidos en la Constitución. La pregunta, asumimos, se pensó y se formuló en términos que no comprometan su constitucionalidad, salvó la mejor y especializada opinión de los ministros de la Corte. Si su fallo es por la inconstitucionalidad –lo que vemos difícil– la petición de consulta se archivará, pero si no, continuará un proceso que deberá pasar por su aprobación con el voto mayoritario del Congreso, su realización el primer domingo de agosto del año siguiente a la solicitud de la misma y la aplicación obligatoria (vinculante) de su resultado, si participa en ella 40% de los ciudadanos inscritos en la Lista Nominal de Electores, es decir, 35 millones 968 mil. Por acusaciones específicas hechas por el exdirector de Pemex, Emilio Lozoya, dos de los cinco expresidentes sobre los que se preguntará si deben ser enjuiciados, dos parecen los más atenazados: Peña Nieto y Calderón. Éste último dice que AMLO confunde República con un circo romano. ¿Se le olvidará que él la confundió con una cloaca y un cementerio?Instantáneas:1. MECENAS. La negativa del INE de registrar como partido a México Libre y la decisión de sus promotores, Margarita Zavala y Felipe Calderón de impugnarla ante el TEPJF, destapará algunos datos que ya se empiezan a conocer de acuerdo con filtraciones de registros del INE. El Tribunal determinará si hubo aportaciones ilegales a México Libre, pero al debatirlo, muy probablemente se conocerán las legales. Entre otras, las que algunos empresarios hicieron desde los diez mil hasta los dos millones de pesos: Álvaro Fernández Garza, del Grupo Alfa; Carlos Martín Montemayor, empresario inmobiliario vinculado a la operación de casinos; María de Lourdes Sánchez Navarro; María Eloína Fernández Carbajal, hermana del presidente del Grupo FEMSA; y Ángel Losada Moreno, del Grupo Gigante, entre otros. No son aportaciones ilegales o sin reportar, pero identifican sus simpatías por un eventual regreso al poder del calderonismo. La lucha de alternativas políticas es propia de toda democracia. 2.MORENA. En la adelantadísima disputa de la candidatura presidencial de Morena, Claudia Sheinbaum le ganó un primer round a Marcelo Ebrard. Decíamos aquí el viernes pasado que tal es el fondo del proceso mediante el cual renovará su dirigencia ese partido político. El TEPJF, por cinco votos contra dos, le ordenó al INE modificar la convocatoria correspondiente, según demanda interpuesta por el presidente interino morenista, Alfonso Ramírez Cuéllar quien, junto con la presidenta del Consejo Nacional, Bertha Luján, son parte del grupo más cercano a la jefa de gobierno de la CDMX. La convocatoria –consideraron los magistrados– debe incluir equidad de género. Además, le pide que fundamente por qué debe llevarse a cabo una encuesta de reconocimiento para eliminar candidatos y dejar solo a seis en la encuesta definitoria. Si así fuera, dicen los que saben, se beneficiaría a Mario Delgado, el delfín de Ebrard sobre Porfirio Muñoz Ledo, el de Sheinbaum. 3.AMENAZA. El de por sí polarizado ambiente político del país se enturbió ayer al conocerse de una amenaza anónima de atentado contra Claudia Sheinbaum. La seguridad de la jefa de gobierno se reforzó ayer mientras la Fiscalía de Justicia capitalina de Ernestina Godoy inició las investigaciones correspondientes. El reciente atentado contra el secretario de Seguridad Pública de la CDMX, Omar García Harfuch recuerda que hay asuntos que no se deben descuidar y mucho menos tomar a la ligera. [email protected] @RaulRodriguezCraulrodriguezcortes.com.mx ",la tenaza aprieta cada vez mas calderon,http://www.eluniversal.com.mx/opinion/raul-rodriguez-cortes/la-tenaza-aprieta-cada-vez-mas-calderon,eluniversal,www.eluniversal.com.mx,6,557
3c464d59c3a74bbd2b1b035ada1cdb34,nan,plata o plomo,http://www.eluniversal.com.mx/autor-opinion/columnistas/alejandro-hope/plata-o-plomo,eluniversal,www.eluniversal.com.mx,2,1
dcdefeba6e4c6905af58a3b68f8bee94,nan,deportes,http://www.eluniversal.com.mx/deportes,eluniversal,www.eluniversal.com.mx,1,1
16de1906e7385a34e5a437496888df5f,"El presidente Andrés Manuel López Obrador envió al Senado una solicitud para realizar una consulta popular —que de inmediato fue remitida por la Cámara Alta a la Suprema Corte de Justicia de la Nación para que analice su constitucionalidad—, en la que se pregunte a los ciudadanos si se debe o no juzgar a los últimos cinco expresidentes de México por probables actos de corrupción.El Ejecutivo propone que la consulta sea el 6 de junio de 2021, el mismo día de las elecciones intermedias o, en su caso, en la fecha que establece el artículo 35 de la Constitución, que es el primer domingo de agosto de ese año.En Palacio Nacional, acompañado del consejero Jurídico de la Presidencia, Julio Scherer Ibarra, López Obrador firmó la solicitud para enjuiciar a los expresidentes, en la cual, además de dar una exposición del porqué de su petición, formuló la pregunta de la consulta: “¿Está de acuerdo o no con que las autoridades competentes, con apego a las leyes y procedimientos aplicables investiguen y, en su caso, sancionen la presunta comisión de delitos por parte de los expresidentes Carlos Salinas de Gortari, Ernesto Zedillo Ponce de León, Vicente Fox Quesada, Felipe Calderón Hinojosa y Enrique Peña Nieto, antes, durante y después de sus respectivas gestiones?”.El Presidente reconoció que hay lagunas legales para llevar a juicio a los exmandatarios, pero consideró necesario avanzar en el discernimiento de ese punto, sin estridencias, con responsabilidad, anteponiendo el predominio de la voluntad popular y el respeto irrestricto a la legalidad. También lee: ¿Qué sigue para la consulta popular ahora que está en la Suprema Corte?Argumentó que en el periodo de Salinas se entregaron a particulares los recursos públicos y creció la desigualdad; con Zedillo continuaron las privatizaciones, pero además le pasó a los mexicanos el rescate bancario del Fabaproa. De Fox señaló que intervino indebida e ilegalmente en el proceso electoral de 2006 para detener a López Obrador y se jactó de haber cargado los dados del proceso: “De esa forma, traicionó el mandato democrático”, dijo.Sobre Calderón indicó que lanzó una estrategia militar para combatir el narcotráfico y no hizo nada ante los señalamientos de que Genaro García Luna era cómplice del narcotráfico.“A la luz de la detención y enjuiciamiento de García Luna en Estados Unidos, la actitud de Calderón Hinojosa sólo puede explicarse como fruto de una extremada irresponsabilidad o de complicidad activa o pasiva con la delincuencia organizada”, advirtió.De Peña precisó que el caso Odebrecht y las declaraciones del exdirector de Pemex, Emilio Lozoya, apuntan a la presunta complicidad del priista en los cuantiosos sobornos que se entregaron a legisladores del PAN para aprobar la reforma energética, así como la compra fraudulenta de la planta de fertilizantes Agro Nitrogenados. También lee: INE ve complicaciones en organizar consulta popular para 2021 Por ello, opinó que en términos legales debe esclarecerse la actuación de los cinco expresidentes, ya que se considera un tema de trascendencia nacional.Recordó que desde que tomó posesión como mandatario de México, consciente de las implicaciones de juzgar penalmente a quienes encabezaron la Presidencia, propuso realizar una consulta como paso necesario para resolver este asunto.“Si el pueblo da su aprobación, las instituciones responsables de desahogar las potenciales acusaciones tendrán un enorme respaldo para realizar esa tarea con absoluta libertad, si rechaza la propuesta, nadie podrá acusarlas de encubrir o solapar conductas ilegales”, indicó.El Jefe del Ejecutivo federal aseguró que es constitucional la pregunta para solicitar la consulta, porque no contraviene la limitación establecida en el artículo 35 de que “no podrán ser objeto de consulta la restricción de los derechos humanos reconocidos por esta Constitución y en los tratados internacionales de los que el Estado mexicano sea parte y las garantías para su protección”. También lee: “¿Estás de acuerdo o no?” Esta es la pregunta que propone AMLO para enjuiciar a expresidentes Dijo que la decisión la tendrá la Suprema Corte de Justicia de la Nación (SCJN). Se trata de un asunto político que ha venido planteando desde hace mucho, y sea cual sea el resultado respetará la voluntad del pueblo, insistió.Reiteró la postura de que en el terreno de la justicia se pueden castigar los errores del pasado, pero lo fundamental es evitar los delitos del por venir: “He dicho y reitero que yo votaría por no someter a los expresidentes a proceso; sin embargo, de realizarse la consulta, respetaré el fallo popular sea cual sea, porque en la democracia el pueblo decide y por convicción me he propuesto mandar obedeciendo.“En otras palabras, nunca traicionaré la confianza del pueblo y no seré cómplice de la impunidad”, subrayó.",amlo pasa corte balon en consulta de expresidentes,http://www.eluniversal.com.mx/nacion/amlo-pasa-corte-balon-en-consulta-de-expresidentes,eluniversal,www.eluniversal.com.mx,6,372
0306c0a0ce19049f272f2da989c47012,nan,serpientes y escaleras,http://www.eluniversal.com.mx/autor-opinion/columnistas/salvador-garcia-soto/serpientes-y-escaleras,eluniversal,www.eluniversal.com.mx,2,1
0959f12c90e33375213ca66473c491ef,nan,ignacio morales lechuga,http://www.eluniversal.com.mx/autor-opinion/articulistas/ignacio-morales-lechuga,eluniversal,www.eluniversal.com.mx,3,1
f27ab13de651c6d86736832a9a2ab6cb,nan,16,http://www.eluniversal.com.mx/edicion-impresa/periodicos/2020/09/16,eluniversal,www.eluniversal.com.mx,0,1
d1c306d3311e161ac3d49a83fcf11267,nan,nacion,http://www.eluniversal.com.mx/nacion,eluniversal,www.eluniversal.com.mx,1,1
cc72cfd6223f163fef302e889501d0f8,"Cada fotografía que Misael Domínguez sube a redes sociales, Pablo Aguilar no tarda en comentarle, como buen amigo que es.  Sin embargo, lo que el defensa paraguayo le escribe a su compañero de Cruz Azul no siempre son mensajes de apoyo.“No sean malos póngale  un balón de su tamaño” y “Pensé que iba con su hijito el árbitro”, son algunos de los comentarios de Pablito sobre Misael, de 1.60 metros de estatura y  quien no se deja, al apodarle “Viejito” al guaraní, de 33 años de edad. El coahuilense aseguró que es un reflejo del buen ambiente que existe en los vestidores de La Noria, una forma en la cual Aguilar –recuperándose de una lesión en la rodilla– ha podido arropar a los juveniles y tener una relación con ellos. “Desde el primer día que llegamos acá [Cruz Azul], es la forma que me trató, al ser el de experiencia. Es una forma de llevarnos bien en el vestidor y nos echamos carrilla y, cada vez me llevo mucho mejor con él”, explicó Domínguez esta mañana.     Ver esta publicación en Instagram         En el mar Una publicación compartida de  Misael Dominguez (@misaeldominguez14) el 15 Sep, 2020 a las 3:23 PDT    Ver esta publicación en Instagram          Una publicación compartida de  Misael Dominguez (@misaeldominguez14) el 15 Ago, 2020 a las 9:26 PDTIncluso, los aficionados cementeros también comentan en las publicaciones del mexicano, a la espera de qué escribirá Pablito sobre su compañero. Aguilar y Misael llegaron a La Noria para el mismo torneo, Apertura 2018, bajo las órdenes de Pedro Caixinha y dirección deportiva de Ricardo Peláez. Desde entonces, la amistad entre este par, además de que Alexis Gutiérrez también le entra a las bromas, se ha fortalecido. “En redes sociales se ve la carrilla”, cerró el sonriente Misael. ",cruz azul la llevada amistad entre misael dominguez y pablo aguilar,https://www.eluniversal.com.mx/universal-deportes/futbol/cruz-azul-la-llevada-amistad-entre-misael-dominguez-y-pablo-aguilar,eluniversal,www.eluniversal.com.mx,8,134
0a7a4226c0359e0b3108798c3f04ce07,nan,ana paula ordorica,http://www.eluniversal.com.mx/autor-opinion/columnistas/ana-paula-ordorica,eluniversal,www.eluniversal.com.mx,3,1
9f9f8dffa14704dd003e8ec532662f54,"La agenda de tres clásicos en el Estadio Azteca para el América arranca este sábado, con el de mayor importancia: el Nacional frente al Guadalajara.A pesar de que Miguel Herrera criticó a los organizadores del calendario por apretar estos duelos, Guillermo Ochoa mostró tranquilidad, al asegurar que cualquier equipo siempre les juega a tope; Guadalajara, Cruz Azul y Pumas, no son la excepción.Puedes leer: ""Contra Chivas es el partido más importante para América, recuerdan exjugadores""“Miedo no existe. Creo que en el América es lo último que debes tener. Aquí hay actitud y entrega. Ni siquiera se habla de presión por estos tres partidos, es parte del compromiso que se tiene al vestir esta playera. Trabajamos al máximo porque sabemos que los rivales se nos enfrentan así cada semana”, dijo Paco Memo en teleconferencia. “No es queja o molestia, es una observación. Sin duda, todos sabemos que cuando se enfrenta al América, los rivales dan su máximo. Al final nos preparamos cada semana, con la intención de salir a ganar y buscar el juego. Eso no dejará de serlo, a pesar de los partidos que vienen, hay que aceptarlo. Tampoco puedo opinar porque no sé cómo se hace el sorteo o el calendario”, añadió el guardameta, quien portará el gafete de capitán en esta cartelera de clásico, si Paul Aguilar se mantiene en la banca.   Ochoa que la ausencia de los seguidores en las gradas del Coloso de Santa Úrsula dejará un escenario atípico, ya que las porras siempre juegan un papel importante en los clásicos, sobre todo cuando se llena el recinto dos veces mundialista.“Sin duda, una parte fundamental de esta rivalidad y pasión es la afición. Como jugadores, lo vivimos al máximo para darles una alegría. Una lástima que la gente no pueda disfrutarlo en el estadio. Nos ha tocado un torneo muy atípico y la gente te ayuda a dar ese extra, al ser también una parte fundamental de este deporte y negocio”, subrayó el seleccionado nacional, quien jugará su vigésimo primero Clásico Nacional.  “El América-Chivas nunca pasará de moda”, sentenció. Clásico de Clásicos#SOMOSAMÉRICA #ElMásGrande pic.twitter.com/KdsXINBxGm — Club América (@ClubAmerica) September 16, 2020  ",america sin miedo jugar tres clasicos seguidos asegura memo ochoa,https://www.eluniversal.com.mx/universal-deportes/futbol/america-sin-miedo-jugar-tres-clasicos-seguidos-asegura-memo-ochoa,eluniversal,www.eluniversal.com.mx,9,180
d28986f6bcb936aef9115d2fc91e8d17,nan,raul rodriguez cortes,http://www.eluniversal.com.mx/autor-opinion/columnistas/raul-rodriguez-cortes/raul-rodriguez-cortes,eluniversal,www.eluniversal.com.mx,3,1
5fafe56756786968e7d1cd40bb727108,"A Enrique Krauze y Héctor Aguilar Camín,  con mi reconocimiento Ante la sed inagotable de recursos fiscales y pese a la promesa de no elevar impuestos antes de 2021, el gobierno federal podría estar estrenando pronto un sistema de espionaje de contribuyentes que —de ser aprobada la adición al artículo 45 del Código Fiscal Federal— incluirá “herramientas” como el uso de cámaras fotográficas, videograbaciones, conversaciones desde teléfonos celulares y  “otras” que permitan recabar “información” que sirva de constancia de hechos detectados por una autoridad fiscal. Zarandeada por malas decisiones desde el inicio de 2019 y por los efectos a corto, mediano y largo plazo de la pandemia, la economía nacional genera cada vez menos actividad y acumula elevados pasivos, comenzando por los de Pemex. No alcanzan los impuestos para financiar programas “sociales” de claro tufo electorero, así que, prepárense contribuyentes para una fuerte escalada recaudatoria del SAT. Este año actuaron contra algunos grandes contribuyentes que no habían pagado impuestos oportunamente, pero ahora la iniciativa de reformas a leyes fiscales va contra todos, y ya fue presentada al Congreso. El SAT ha estado facultado para revisar los ingresos y los costos y gastos de todos los contribuyentes. Hasta ahí su acción es legal, ¿Por qué podrán ser allanadas y filmadas las oficinas, instalaciones, fábricas y domicilios de los causantes? Es evidente la intención de investigar el patrimonio de los ciudadanos, aun si para ello se cometen arbitrariedades e incluso se violan la intimidad, la propiedad y los datos reservados que las leyes y la Constitución protegen. Se está exponiendo a las personas a la acción delictiva de quienes puedan obtener y transmitir información sensible del contribuyente. El riesgo será mayúsculo en una sociedad con robos de identidad donde circula más información abierta, democrática, libre y necesitada de más respeto a las leyes y de incentivar las inversiones. La reforma en ciernes parece una repetición de aquella que facultaba al Inegi a investigar patrimonialmente a los ciudadanos con el pretexto de los censos. De aprobarse este big brother pesquisatorio, será contrario a los derechos humanos contenidos en el Art. 16 de la Constitución, que prohíbe molestar a un ciudadano en su persona, familia, domicilio, papeles o posesiones, sin mandamiento de autoridad competente que funde y motive la causa legal del procedimiento. Todo indica que la autoridad fiscal —facultada para estimar el ingreso real de los contribuyentes— pretende gravar su patrimonio con otro impuesto después de las elecciones, esto es, cobrar dos veces impuestos por los mismos bienes, y para eso servirán las filmaciones y grabaciones. La evasión fue convertida en 2019, en delito grave, sujeto a la extinción de dominio sobre bienes, aún sin sentencia en contra del ciudadano. Hoy el acoso se perfila, con un gobierno carente de ingresos y con la presión de gobiernos estatales y municipales —más del 90 por ciento de la población nacional reside en ellos— y solo reciben participaciones del 15% y la federación se queda con el 85% restante. Volvemos hacia la centralización, el absolutismo del gobierno federal, el acoso contra la sociedad y un grave riesgo contra los críticos y opositores al gobierno. El rumbo que marca el Art. 45 comentado sumado al efecto de otras iniciativas, como el impuesto a la herencia, la investigación patrimonial, el impuesto sobre la riqueza y otras reformas, borra los límites de un régimen democrático que presume de la confianza ciudadana e introduce los modos de una dictadura con un nuevo “gran hermano” que podrá acusar a todos de evasores hasta que no prueben lo contrario.   Notario. Exprocurador General de la República.",prepara el gobierno un big brother fiscal,http://www.eluniversal.com.mx/opinion/ignacio-morales-lechuga/prepara-el-gobierno-un-big-brother-fiscal,eluniversal,www.eluniversal.com.mx,5,295
f7a46af5aea277666fc4dd0a82f27379,"En este mes patrio qué mejor manera de sentirnos orgullosos de nuestras raíces que haciendo una remembranza de algunas apps de creadores mexicanos, cuyas funciones han mejorado la vida de muchos usuarios.Ten por seguro que después de leer esta nota que Techbit trae para ti, te sorprenderás al ver que una de tus apps, quizás una de las más usadas, fue creada por un compatriota.Si mencionamos apps que no conoces, es momento de que pruebes la tecnología mexicana que puedes incluir en tu celular.Leer también: Nuevos emojis en WhatsApp. Llega el “montoncito”, el hombre vestido de novia y hasta una piñataSi buscas paz mental, descarga “Jenny”Esta app combina la tecnología con la psicología y brinda a los usuarios las herramientas necesarias para tener un mejor manejo de sus emociones. De manera que Jenny funciona como una especie de psicólogo virtual que te ayuda a tratar con padecimientos como ansiedad, depresión y estrés.Sin duda una app sumamente útil en una temporada tan complicada como la que ha provocado la pandemia que se padece actualmente, aunque su utilidad no se restrinja a este periodo de tiempo, pues gracias a sus chats, análisis de datos y recomendaciones, podrás encontrar en cualquier temporada la paz mental que todos merecen.SkyAlert: Que los sismos no te sorprendanLamentablemente, el mes patrio también trae memorias terribles para los mexicanos, esto debido a los dos sismos que tuvieron lugar el 19 de septiembre de 1985 y en el 2017. Por ello es importante contar con una herramienta que te alerte acerca de la proximidad de estos fenómenos naturales y SkyAlert ha demostrado ser una app bastante eficaz en esto. Foto: SkyAlertAsí que si quieres contar con un filtro sísmico inteligente que te alerte sobre la intensidad y cercanía de los sismos que azotan al país, esta app mexicana puede ser una gran opción.Leer también: Aplicaciones para restaurar fotos antiguasYummmie*, de la vista nace el amorEl Instagram de la comida, no hay mejor manera de definir esta app, ya que en ella podrás subir fotografías de los platillos que degustes o prepares.Es momento de darle su espacio a la gastronomía mexicana y hacer de ella una fiesta visual en donde los amantes de la comida puedan apreciar sus múltiples presentaciones, colores y texturas ¿qué esperas para crear tu perfil de foodie?SOSMEX (Botón de pánico) #NiunaMenosDe acuerdo con las Estadísticas a Propósito del Día Internacional de la Eliminación de la Violencia Contra la Mujer emitidas por el INEGI a finales del 2019, de los 46.5 millones de mujeres de 15 años y más que hay en el país, 66.1% (30.7 millones) han enfrentado violencia de cualquier tipo y de cualquier agresor, alguna vez en su vida.Así, a raíz del aumento y visibilización de la violencia contra las mujeres, se ha hecho necesario tener una app que las respalde en momentos en los que se sienten en peligro. Por ello apps como esta permiten que las usuarias manden un mensaje de alerta a los contactos que seleccionen en el que notifiquen el riesgo y la ubicación en la que se encuentran.",que apps fueron hechas por mexicanos,https://www.eluniversal.com.mx/techbit/que-apps-fueron-hechas-por-mexicanos,eluniversal,www.eluniversal.com.mx,3,239
31ba68063395b91b44bbe771314bfec0,"El grupo parlamentario del PRD en la Cámara de Diputados aseguró que el presidente, Andrés Manuel López Obrador puede proceder legalmente contra los expresidentes, pero acusó que lo que busca con una consulta popular es un linchamiento público con fines políticos.La coordinadora del PRD en San Lázaro, Verónica Juárez señaló que el Presidente de la República no tiene ningún impedimento para proceder legalmente contra los expresidentes de la República en caso de que tuviera evidencias de que cometieron un delito; pero lo que busca es un linchamiento público con fines políticos.Cabe recordar que este martes, el Ejecutivo Federal presentó ante el Senado de la República una petición de consulta popular a fin de preguntar a las y los ciudadanos si están de acuerdo o no con que las autoridades competentes investiguen, y en su caso sancionen, la presunta comisión de delitos por parte de los expresidentes Carlos Salinas de Gortari, Ernesto Zedillo Ponce de León, Vicente Fox Quesada, Felipe Calderón Hinojosa y Enrique Peña Nieto antes, durante y después de sus respectivas gestiones.“La consulta no es requisito previo para que se inicien los procedimientos legales. El derecho de acceso a la justicia debe ser para todas y todos. Si los delitos existen, las y los mexicanos tenemos derecho a que se procese a los expresidentes, independientemente de la consulta”, indicó la legisladora jalisciense.También lee: Consulta popular para enjuiciar a expresidentes es perversa: Movimiento Ciudadano“Es claro que la consulta no tiene fines legales, sino políticos. La Suprema Corte de Justicia de la Nación se tendrá que pronunciar sobre la constitucionalidad de la materia de la consulta, pero es evidente que ésta no cumple con los requisitos establecidos en el artículo 35 de la Constitución de la República. Luego entonces es una simulación más del presidente”, argumentó.“Desde el grupo parlamentario del PRD hacemos un llamado al Jefe del Ejecutivo a que si tiene elementos de que los expresidentes cometieron un delito, presente las denuncias correspondientes ante la Fiscalía General de la República, que deje que la Fiscalía desahogue el proceso y que él, como presidente de la República se ponga realmente a gobernar, que son muchos los graves problemas por los que atraviesa el país y las y los mexicanos demandan respuestas efectivas y prontas”, concluyó Juárez Piña.kl",prd amlo puede proceder contra expresidentes pero solo busca linchamiento con consulta,https://www.eluniversal.com.mx/nacion/prd-amlo-puede-proceder-contra-expresidentes-pero-solo-busca-linchamiento-con-consulta,eluniversal,www.eluniversal.com.mx,9,179
fe18380beed0dd1419d39676b4286cf8,nan,edicion impresa,https://www.eluniversal.com.mx/edicion-impresa,eluniversal,www.eluniversal.com.mx,2,1
a387165aa27081ab82b1bc1d1fb9bb4e,"Muy lejos del objetivo de fortalecer y profesionalizar a las policías locales y municipales, el proyecto de Presupuesto de Egresos de la Federación para 2021 que presentó el gobierno federal a la Cámara de Diputados, propone eliminar casi 4 mil millones de pesos que se destinaban al fortalecimiento de la seguridad en los municipios más conflictivos del país y en vez de invertir esos recursos en las policías civiles y locales, destinará la mayor parte de esos recursos a incrementar en 3,300 millones de pesos el presupuesto de la militarizada Guardia Nacional. Con la cancelación de recursos al Fortaseg, fondo con el que se apoyaba a la seguridad y las policías de los 300 municipios más poblados e inseguros de la República, sobre todo en las grandes zonas metropolitanas donde se concentra el 90% de la incidencia delictiva a nivel nacional, la Secretaría de Hacienda no sólo golpea a las autoridades y los habitantes de las grandes urbes con mayor inseguridad, sino que también se debilita al Secretariado Ejecutivo Sistema Nacional de Seguridad Pública (SESNSP) la institución federal que coordina y mide los resultados de la estrategia de seguridad a nivel nacional y que, sin esos recursos, quedará debilitado y sin poder marcar directrices a los municipios.   Según el proyecto del PEF 2021, el mencionado Fortaseg recibirá cero pesos y se le eliminan los 4 mil millones de pesos que, etiquetados por el gobierno federal, eran enviados a los municipios o los estados que tienen mando único policial. Casualmente, mientras se castiga a los municipios con el feroz recorte, se tiene previsto aumentarle el presupuesto a la Guardia Nacional, el cuerpo de seguridad militarizado creado a propuesta del presidente López Obrador, al que se le destinan mayores recursos aunque eso no signifique que la Guardia tendrá mayor capacidad ni efectividad en sus operaciones, mismas que hasta ahora no han dado los resultados ofrecidos. El tema está siendo revisado por varios gobernadores y alcaldes del país, quienes le pedirán a la Cámara de Diputados corregir esa propuesta de Hacienda, por considerar que afecta a las entidades federativas y de recursos federales etiquetados. Sin el Fortaseg, se le quita al SESNSP la facultad de fijar a los municipios cómo deben aplicar los montos etiquetados para reclutamiento, capacitación, armamento, tecnología y certificación de sus policías. En lugar de eso, el presupuesto prevé que los municipios compensen la pérdida con 20 por ciento de los recursos de otro fondo para seguridad pública, denominado Fortamun, que se reparte de acuerdo con el número de población pero que no obliga a los ayuntamientos ni estados a seguir lineamiento o regla alguna de la Federación porque no son etiquetados, lo que no garantiza que los destinen a sus policías municipales ni siquiera a temas de seguridad. El origen de los fondos para seguridad pública denominados Fortaseg, Fortamun y FASP era canalizar recursos suficientes a municipios y estados “para el fortalecimiento de sus policías, tanto en reclutamiento, equipamiento, tecnología, certificación y capacitación”; pero ahora en el presupuesto 2021 se decide quitarle fuerza a las corporaciones municipales o de mando único y darle más elementos a la Guardia Nacional, corporación a la que se le quiere dar todo el peso de la seguridad a nivel nacional y se argumenta en el mismo texto del presupuesto, que “será una corporación civil para prevenir, investigar y perseguir delitos del fueron común”, incluso a riesgo de exceder sus facultades, ya que tendría injerencia en asuntos propios de los estados o de las Fiscalías estatales o Federal. Así que, en la visión de los estados, la cancelación y manipulación de esos fondos no sólo es un golpe a los municipios al reducirles su capacidad de hacer frente a la inseguridad, de no poder reclutar policías y capacitarlos, sino también se sacrifica a una institución de coordinación que ha funcionado, como el Secretariado Ejecutivo del Sistema Nacional de Seguridad Pública, mientras se apuesta a crecer económica y extralegalmente a una corporación como la Guardia Nacional, “en detrimento de la soberanía municipal y estatal”. ¿Es eso lo que se quiere  —se preguntan gobernadores y alcaldes— fortalecer al cuerpo federal de López Obrador que es la Guardia Nacional, mientras se debilita a las policías locales y municipales y se dificulta la atención de la seguridad de los ciudadanos en el nivel de gobierno más cercano a sus necesidades?NOTAS INDISCRETAS…El anuncio de la Unidad de Inteligencia Financiera, que dirige Santiago Nieto, de que le congelaron cuentas al exgobernador de Chihuahua, Reyes Baeza, a Salvador Alcántar, presidente de la Asociación Estatal de Usuarios de Riego de Chihuahua, y a Eliseo Compeán, alcalde panista del municipio de Delicias, levantó ayer ámpula y reacciones en el estado norteño donde la medida jurídica y financiera se asoció con el apoyo que algunos de esos personajes han dado a la protesta de agricultores del Distrito de Riego 05 que tienen tomadas las instalaciones de la presa “La Boquilla” y que se oponen al trasvase de ese embalse para pagar agua del tratado con Estados Unidos. Y es que apenas la semana pasada el presidente López Obrador acusaba que detrás de la protesta campesina había un movimiento “con fines político-electorales” y ahora la UIF informó que el bloqueo obedece a que se detectaron supuestos movimientos irregulares en el sistema financiero. ""De esta manera la UIF refrenda su compromiso de llevar a cabo acciones que inhiban el uso del sistema financiero mexicano por parte de organizaciones que tienen como finalidad ocultar el origen de recursos de procedencia ilícita, para fortalecer el cumplimiento del Estado de Derecho, brindando seguridad jurídica a la ciudadanía"", señaló en un comunicado. En Chihuahua, el exgobernador Reyes Baeza rechazó las acusaciones de haber participado en el esquema de la “Estafa Maestra”, dijo que no había sido notificado de ninguna investigación en su contra y anunció que buscará un amparo de la justicia, mientras esclarece cómo se adquirieron sistemas para modernizar el área de créditos del ISSSTE, cuando él fue director, en un estudio que se le encargó a la Universidad Autónoma del Estado de México, que realizó el rediseño y de ello hay todos los documentos entregables. El tema llegó hasta la Cámara de Diputados donde la bancada panista acusó un “uso politico y faccioso de los instrumentos de procuración de justicia” en el gobierno federal. Veremos en qué termina el asunto y si Nieto trae de verdad información y pruebas contra los investigados o se trató, efectivamente, de un “estate quieto” para los políticos y dirigentes chihuahuenses…Se baten los dados. Capicúa.",golpe municipios y al sesnsp en el pef 2021,http://www.eluniversal.com.mx/opinion/salvador-garcia-soto/golpe-municipios-y-al-sesnsp-en-el-pef-2021,eluniversal,www.eluniversal.com.mx,4,518
99438b3c6cb4ee30a1f8ce2df9fb3fa7,"La pregunta que fue dada a conocer el día de ayer sobre la consulta en torno a un posible enjuiciamiento de los últimos cinco presidentes de la República es inviable desde el punto de vista jurídico y debe ser declarada inconstitucional por la Suprema Corte de Justicia de la Nación. Habrá quienes digan que es un ejercicio “político” y no jurídico, a través del cual se busca generar una expresión popular para que la gente haga patente su desdén hacia la figura de los gobernantes, pero el problema es que se podría estar afirmando un precedente muy peligroso, favorecedor de la impunidad.Quizá el Presidente piense que el resultado previsible de la consulta será en sentido afirmativo a la pregunta a efecto de que se proceda a investigar y juzgar a los presidentes, ¿pero qué pasaría si no se obtiene ese resultado? ¿Se imagina el lector el mensaje de impunidad que se podría estar planteando en caso de que la mayoría de los ciudadanos diga que NO se les debe investigar? Esa consecuencia, ¿qué tipo de mensaje mandaría hacia delante? ¿La consulta daría como resultado una especie de “fuero de facto” para los Presidentes? ¿Supondría el resultado de la consulta una especie de mandato para que las autoridades competentes se inhiban de realizar investigaciones sobre esas personas, una vez que reciban una denuncia? ¿Se está tratando de utilizar la consulta popular para disfrazar una “amnistía” a favor de los expresidentes?El galimatías jurídico está servido. No se debe permitir. Además, consultar sobre una facultad que está claramente regulada en la ley supone un dispendio de recursos económicos que también estaría violando la Constitución (concretamente el artículo 134 constitucional que contiene algunos principios de ejercicio del gasto público).Por otro lado, la pregunta es bastante abstracta. No es clara exactamente respecto a qué delitos se les podría investigar, o qué conductas serían tomadas en cuenta. Poner en el mismo saco a Salinas de Gortari, Zedillo, Fox, Calderón y Peña Nieto es confuso para cualquier ciudadano, ya que habría que detallar con más precisión cuál es la materia exacta de la conducta, separando aspectos respecto a cada uno de esos personajes.Hablar de “delitos” en abstracto es imposible de ser contestado de forma clara y comprensible, que son requisitos que la ley dispone para determinar la viabilidad de la consulta. Lo mismo respecto a la parte de la pregunta donde se señala que se va a investigar a los cinco expresidentes por sus hechos “antes, durante y después” de su ejercicio del cargo (¿se imaginan que las autoridades deban investigar lo que hicieron Salinas de Gortari o Fox cuando fueron adolescentes, para ver si no cometieron algún delito, o lo que ha hecho Ernesto Zedillo durante todos los años en los que ha vivido y trabajado como profesor de la Universidad de Yale, en New Haven? De ese tamaño es el despropósito que genera la desafortunada redacción de la pregunta).Lo cierto es que la aplicación de la ley penal no debe estar sometida a la voluntad popular. El derecho penal es un conjunto de reglas que regulan con precisión lo que está permitido y lo que está prohibido, estableciendo sanciones que pueden suponer la privación de la libertad para una persona. No es un tema menor, sobre el que se puede estar jugando. Si existen pruebas para acusar a alguien de un delito, se deben presentar sin demora ante las autoridades competentes. El artículo 222 del Código Nacional de Procedimientos Penales establece el deber que tiene toda persona de denunciar las conductas presuntamente delictivas, incluyendo desde luego la obligación de denunciar por parte de las autoridades que pudieran tener elementos para investigar y sancionar a una persona. De hecho, la falta de denuncia por parte de quienes actualmente gobiernan, podría acarrearles sanciones administrativas o penales a ellos mismos, una vez que haya terminado el periodo de su gestión.Lo anterior nos permite concluir que la pregunta, tal como fue planteada por el Presidente de la República, no es viable y debe ser rechazada por la Suprema Corte de Justicia de la Nación.Investigador del IIJ-UNAM",la pregunta inviable del presidente,http://www.eluniversal.com.mx/opinion/miguel-carbonell/la-pregunta-inviable-del-presidente,eluniversal,www.eluniversal.com.mx,3,315
09f49311d671d61136a265f71447aaf9,"Amanecemos el día después de la rifa y el avión sigue ahí, sin venderse, depreciándose. Pero el presidente López Obrador estará muy contento con haber hecho de su capricho una realidad. A la imposibilidad de vender el avión, siguió la ocurrencia a la cual se sumaron partidarios y empleados del presidente. El absurdo llegó al grado que en el discurso previo al arranque de la rifa, el director de la Lotería Nacional, Ernesto Prieto, lloró emocionado por la iniciativa y liderazgo de AMLO.El espectáculo de la venta/rifa del avión presidencial ha sido un triunfo para un AMLO que ha tenido a México atento de esta ocurrencia y distraídos del problemón de salud, economía e inseguridad en el que nos encontramos. Por eso, a la vez ha sido una derrota para México. Una derrota en donde posiblemente muchos de los que coincidimos con el presidente en que no puede haber un pueblo pobre con gobernantes viviendo como jeques árabes, vemos con sorna el show de la rifa. En lugar de que su diagnóstico sirva para acabar con ese México de privilegios, el ridículo que vimos desde hace meses y cuya cúspide posiblemente fue ayer en el edificio de la Lotería Nacional, ha disuelto ese mensaje tan importante. Y además, ha exacerbado la división en la opinión pública.Otro triunfo para AMLO será su consulta sobre llevar a juicio o no a los expresidentes. Será otro espectáculo que ayude a seguir distrayendo de lo importante. Por ello será un éxito para el presidente. Y también un fracaso para México porque, lejos de reforzar el Estado de Derecho que está tan maltrecho, lo debilita.Al igual que la rifa del avión, la consulta también exacerba la división social. Se fortalece el discurso de nosotros (los impolutos) contra ustedes (los corruptos). Ya veremos ahí también a los miles de incondicionales partidarios del presidente sumándose a una iniciativa que bien se sabe que no logrará nada para hacer de México un país ni más justo, ni menos corrupto. Vivimos en lo que la periodista española Ana Alonso ha llamado el nuevo autoritarismo de la mentira. AMLO dice y propone lo inviable y no hay quien lo desmienta o le ponga un freno. Cabe preguntarnos ¿qué es más peligroso en este momento, el discurso de odio del presidente o el clima de fanatismo que lo rodea?Para AMLO ambos, el discurso de odio y el fanatismo, representan triunfos; para México fracasos.APOSTILLAEl laboratorio mexicano Landsteiner Scientifics llegó a un acuerdo con el Fondo Ruso de Inversión Directa (RDIF) que está financiando la investigación del Instituto Gamaleya de Moscú, para la distribución de 32 millones de dosis de la vacuna Sputnik V. En estos días el prestigiado journal The Lancet ha publicado los avances favorables de los estudios Fase I y II de esta vacuna. La tecnología utilizada por los rusos para su elaboración es a través de un adenovirus humano a la que ya han recurrido de forma exitosa en otras vacunas como la del Ébola por más de cincuenta años.Entre las cien mil personas que participarán en la Fase III de pruebas de la Sputnik V, la idea es que se incluya a cientos de voluntarios mexicanos para enfatizar su seguridad.Entonces el reto será que una vez que se concluyan los estudios de Fase III y se compruebe científicamente su seguridad y eficacia, la Cofepris la apruebe rápido para que pueda estar disponible para la población. Recordemos que entre más opciones de una vacuna segura logre México, más rápido podrá el país salir adelante de la pandemia. www.anapaulaordorica.com @AnaPOrdorica  ",los triunfos de amlo son las derrotas de mexico,http://www.eluniversal.com.mx/opinion/ana-paula-ordorica/los-triunfos-de-amlo-son-las-derrotas-de-mexico,eluniversal,www.eluniversal.com.mx,4,277
0293f8e00acaeaa3163943098642dce3,"Para la ceremonia del 210 aniversario del inicio de la gesta de Independencia, el presidente Andrés Manuel López Obrador rompió con el protocolo. La ceremonia comenzó con un toque de silencio, seguido de un minuto de éste, en honor a las más de 71 mil personas fallecidas por Covid-19 en el país.A diferencia de hace un año, cuando López Obrador encabezó su primera ceremonia del Grito ante una Plaza de la Constitución llena, ayer la plancha del Zócalo lució vacía porque las autoridades decidieron que la conmemoración se llevaría a cabo sin ciudadanos para evitar contagios de coronavirus.La plancha del Zócalo, así como calles aledañas al Palacio Nacional en un kilómetro a la redonda fueron cerradas con vallas metálicas y elementos de la policía capitalina las resguardaron.En la plancha del Zócalo, con más de mil 600 luces que formaron la silueta de la República Mexicana en colores verde, blanco y rojo, también se encendió la “Llama de la Esperanza”, para asegurar que pronto saldremos de la pandemia del coronavirus. También lee: Así fue El Grito en distintos estados en tiempos de pandemiaSolemne, acompañado por su esposa, Beatriz Gutiérrez Müller, el presidente López Obrador escuchó a un militar que entonó el toque y luego guardó un minuto de silencio por los fallecidos de la pandemia; después de esto, caminó por los salones del histórico inmueble, cruzó el Salón Embajadores y se detuvo en el Salón Recepciones. La plancha del Zócalo estuvo adornada con focos LED que formaronla silueta de la República Mexicana.  Ahí ya lo esperaba la Escolta de Bandera del Heroico Colegio Militar, integrada por cuatro hombres y dos mujeres. Tras un saludo marcial, los cadetes le entregaron el Lábaro Patrio al Ejecutivo, quien dio la vuelta y salió al balcón central.A las 23:00, portando la Banda Presidencial, el Mandatario salió empuñando la Bandera al balcón central de Palacio Nacional, para lanzar con fuerza el primero de 20 vivas: “Mexicanas y mexicanos, ¡viva la Independencia!”.Luego el Presidente de México evocó a los héroes patrios Miguel Hidalgo y Costilla, José María Morelos y Pavón, Josefa Ortiz de Domínguez, Ignacio Allende, Leona Vicario, así como a los padres y madres de la patria. También lee: La alegría y la felicidad no acudieron al Zócalo José Rafael Ojeda, de Marina; Luis Cresencio Sandoval, de Sedena, y Alfonso Durazo, de la SSPC, presenciaron el acto desde un balcón.También lanzó vivas al “heroico pueblo de México”, los pueblos indígenas, la libertad, la justicia, la democracia, la soberanía, la fraternidad universal, el amor al prójimo y la esperanza en el porvenir. Con tres “¡Viva México!” el presidente López Obrador concluyó su arenga, para luego repicar la campaña de Dolores, Hidalgo, y ondear con fuerza la Bandera Nacional.El gabinete legal observó dentro del Salón de Recepciones el paso del Presidente con la Bandera y luego salió a los balcones de Palacio para ver la ceremonia del Grito.Entre los invitados se encontraba la jefa de Gobierno capitalino, Claudia Sheinbaum, así como el gabinete de Seguridad, encabezado por Alfonso Durazo. Claudia Sheinbaum (segunda de izq. a der.) y Olga Sánchez Cordero (tercera de der. a izq.) figuraron entre los invitados a la ceremonia  López Obrador y su esposa, quien portaba un vestido color perla con mariposas cobre, vieron cómo se encendió un pebetero que representa “la llama de la esperanza”, dedicado a los enfermos de Covid-19. También lee: ¿Cuáles fueron los tres nuevos ""vivas"" que lanzó AMLO?El coro del Ejército Mexicano respondió cada una de las arengas del Presidente e interpretó el Himno Nacional. Luego comenzaron los juegos pirotécnicos.La seguridad fue rigurosa y se aseguró de que no hubiera ningún ciudadano sobre la Plaza de la Constitución para presenciar la ceremonia del Grito.",silencio por muertos de pandemia marca el grito,http://www.eluniversal.com.mx/nacion/silencio-por-muertos-de-pandemia-marca-el-grito,eluniversal,www.eluniversal.com.mx,5,325
9c33212342c2eeabfc708c8e68cee00f,nan,gabriel guerra,http://www.eluniversal.com.mx/autor-opinion/articulistas/gabriel-guerra,eluniversal,www.eluniversal.com.mx,2,1
455a08f3511ac9955d4bc87f28e3e275,nan,historias de reportero,http://www.eluniversal.com.mx/autor-opinion/columnistas/carlos-loret-de-mola/historias-de-reportero,eluniversal,www.eluniversal.com.mx,2,1
f40893aac8ddf9194e0e23cae8d55061,"San Luis Potosí.- El gobernador Juan Manuel Carreras López afirmó que la patria demanda temple, serenidad y humildad para salir adelante.Dijo que la historia se construye todos los días y “hoy estamos llamados a escribir el capítulo sobre cómo salimos adelante de este 2020, con el aporte y solidaridad de cada uno de las y los potosinos, para seguir fortaleciendo la gran nación de la que formamos parte”.En la ceremonia conmemorativa al 210 Aniversario del inicio de la Independencia de México, el mandatario potosino consideró que el mejor homenaje que se puede rendir a la memoria de las madres y los padres fundadores de la patria es enfrentar juntos el enorme reto de las emergencias sanitaria y económica.Además, reconoció, a nombre de las y los potosinos, así como de su gobierno, la labor y el compromiso del personal de salud que, día a día, trabaja en hospitales y clínicas contra el Covid-19, en la ceremonia realizada en la Plaza de Armas.Posteriormente y acompañado por la presidenta del DIF, Lorena Valle Rodríguez, presenció el desfile cívico militar, desde Palacio de Gobierno. En esta parada participaron motociclistas y carros radio patrullas de la Secretaria de Seguridad Publica del estado y municipal.Así como agrupamientos de la Guardia Nacional, cuerpo de Defendas Rurales, Hospital Militar de San Luis Potosí, y del 36  y batallones de infantería.Estuvieron presentes la diputada Vianey Montes Colunga, presidenta del H. Congreso del Estado; Olga Regina Montes Colunga, presidenta del Supremo Tribunal de Justicia y del Consejo de la Judicatura del Poder Judicial del Estado de San Luis Potosí; el General de Brigada de Estado Mayor, Gusmar Ángel González Castillo, Comandante de la 12va. Zona Militar.Así como el secretario General de Gobierno, Alejandro Leal Tovías; el presidente municipal de la capital, Xavier Nava Palacios; el coordinador de la Guardia Nacional en San Luis Potosí, J. Inés Meléndez Estrada, el Fiscal General del Estado, Federico Garza Herrera y miembros del gabinete estatal.   fml ",la patria demanda temple serenidad y humildad juan manuel carreras gobernador de slp,https://www.eluniversal.com.mx/estados/la-patria-demanda-temple-serenidad-y-humildad-juan-manuel-carreras-gobernador-de-slp,eluniversal,www.eluniversal.com.mx,10,167
33ae8d5ffe4dac7ba9c951a76aa2e86a,"¿Dónde está “el pueblo” de López Obrador? En un país de 130 millones de personas, el presidente no pudo vender 3 millones de cachitos de la rifa del avión y no logró juntar 2 millones de firmas para convocar a una consulta que enjuicie a los expresidentes. ¿Dónde está “el pueblo”?Porque el presidente se regodea en que él es “el pueblo”, él lo representa, el pueblo lo apoya masivamente, que es el segundo presidente más popular del mundo, que su aprobación es de 70%. Eso dice, repite sin cesar en las mañaneras, pero cuando se trata de medir el respaldo del pueblo, parece que el pueblo ha abandonado a su presidente.La rifa y la consulta —esos dos grandes distractores— han terminado por exhibir a un presidente divorciado de su pueblo. La gente no es tonta. Una cosa es haber votado por él y otra cosa es seguirlo a ciegas en sus caprichos sin sentido. El fracaso de la venta de boletos de la rifa y en la recolección de firmas para la consulta demuestra que el presidente no está logrando engañar al pueblo.La rifa. Se emitieron 6 millones de boletos. De esos, 3 millones (la mitad) se vendieron a un grupo de cien grandes empresarios a los que López Obrador solía calificar de mafiosos. Así que pueblo no son. Luego se dijo que 1 millón de boletos más se repartirían entre los hospitales Covid. Ya van 4. Y según el último dato oficial de la Lotería Nacional, se vendieron cosa de 4 millones y medio de cachitos. Es decir, de venta al público fueron como medio millón. Apenas medio millón en un país de 130 millones de habitantes. Así pues, el presidente que presume tener 70% de popularidad no convenció más que al 0.4% de sus gobernados. Era obvio: la rifa es un timo. La danza de cifras no da certidumbre ninguna. La gente, además, no tiene dinero. Estamos en medio de una crisis que el presidente no reconoce y no ve. Un cachito de a 500 pesos lo radiografía distante del pueblo al que dice representar.La consulta. En un país de 130 millones de habitantes, el presidente y su partido sudaron para conseguir menos de 2 millones de firmas que se necesitaban para solicitar la consulta para enjuiciar a los expresidentes. Fracasaron tanto que de última hora las firmas del pueblo se hicieron a un lado y tuvo que ser una sola firma, la del presidente, en uso de sus facultades unipersonales, la que sirviera para pedir al Senado que se llevara a cabo la citada consulta. No hubo pueblo.SACIAMORBOSIlusionado quizá con repetir la anécdota histórica de las señoras humildes vendiendo sus gallinas para apoyar la expropiación petrolera del general Lázaro Cárdenas hace 80 años, lo que se encontró López Obrador fue un grupo de ricachones comiendo tamales para bajarse el susto de la extorsión y comprando los cachitos que no compró la gente, y a un puñado de senadores de su partido recibiendo una sola firma, la suya, para convocar a una consulta. El pueblo no apareció.[email protected]",el presidente se queda sin pueblo,http://www.eluniversal.com.mx/opinion/carlos-loret-de-mola/el-presidente-se-queda-sin-pueblo,eluniversal,www.eluniversal.com.mx,3,228
bccf46f8113270a32deaf8cb803f494a,"Poco más de un día después del primer gol de Raúl Jiménez en la nueva temporada con el Wolverhampton, surge una reflexión, la maldita terquedad de algunos analistas y/o comunicadores de ponerlo, colocarlo, en otro equipo diferente. Como si fuera poca cosa estar en un equipo como los Wolves y destacar como lo viene haciendo desde que llegó. Una tendencia que comenzó a generarse a partir de sus buenas actuaciones en la temporada pasada, en la que marcó 27 goles y sumó 10 asistencias (entre Premier League, Europa League y clasificación a Europa League); como si jugar en este modesto equipo de la ciudad al noreste de Londres fuera indigno. A Jiménez se le ve cómodo en los Wolves y al equipo con él. Ha hecho una magnífica sociedad con Adama Traoré (sin olvidar  que también se ha beneficiado del juego de otros elementos del equipo como Pedro Neto o Diogo Jota) y ha encajado perfecto en los esquemas del técnico Nuno Espirito Santo, al ser un delantero con la capacidad de jugar acompañado en una alineación con dos ejes de ataque o solo, cuando disponen a dos extremos. El rol que desempeña en las transiciones al ataque y las posiciones que guarda, partiendo del medio campo para desmarcarse y quedar frente a la portería, lo han llevado no solamente a ser  el mejor del equipo inglés, sino del futbol mexicano. No hay alguien más con el nivel de Raúl de cara a las eliminatorias mundialistas, para quitarle la titularidad de la Selección.Lee también: Raúl Jiménez cumple 100 partidos con el WolverhamptonPor eso, resulta incomprensible que, viendo la armonía con la que se desempeña con el Wolverhampton, quieran sacarlo de ahí y ponerlo o pretender verlo en otros equipos en los que además, ni siquiera sería seguro que fuera titular.  Pero no solamente eso, sino que además, debe ser aprovechado por Gerardo Martino en la Selección Nacional, ya que en estos momentos no existe otro centro delantero que pueda generar lo mismo que Jiménez. Desde hace tiempo nos hemos olvidado de Javier Hernández, inmerso en una baja abismal de juego, deprimido futbolísticamente y sin trascendencia. A José Juan Macías le falta mucho, pero mucho en verdad, para pensar en bajarlo de la titularidad con el equipo mexicano. Otros como Henry Martín y Alan Pulido pueden ser opciones de cambio, pero no hay otro para que ocupe la titularidad y eso se lo ha ganado este hombre con trabajo y resultados, no solamente con concursos de popularidad y mercadotecnia barata.Es cierto que todavía falta para el cierre de fichajes, pero si la decisión de Jiménez ha sido darle continuidad a lo que ha ganado con el Wolverhampton, es acertada, aunque salgan con la estupidez de que en ese club no ganará nada, porque siempre será mejor que juegue a que se cuelgue medallas y títulos desde la banca y las redes sociales. Es mucho mejor ser titular, líder de un equipo como Wolverhampton, que simplemente ir a un equipo de renombre que si encajas de inmediato, banqueas. Por eso, cuando se habla de Jiménez, parecen salir los complejos de inferioridad de muchos, complejos absurdos.@gvlo2008  ",los traumas que aparecen cuando se analiza raul jimenez,http://www.eluniversal.com.mx/opinion/gerardo-velazquez-de-leon/los-traumas-que-aparecen-cuando-se-analiza-raul-jimenez,eluniversal,www.eluniversal.com.mx,5,254
9dde884013e3b714ffc374bcf863654e,"Algunos dicen que lo vieron, otros incluso hablaron con él. Cincuenta años después de la muerte del legendario guitarrista Jimi Hendrix, el pequeño pueblo de Diabat, al sur de Marruecos, alimenta el mito y el recuerdo.""Lo vi aquí, era joven y llevaba su guitarra en la espalda"", jura Mohamed Boualala, un hombre de 60 años, que creció en Diabat antes de alistarse en el ejército.En el verano boreal de 1969, el músico hizo un pasaje relámpago a Essaouira, una ciudad fortificada muy turística situada a 5 km de allí. De este viaje no quedan imágenes ni bandas sonoras, sino innumerables mitos que alimentan la leyenda.La aldea de casas blancas es indisociable del músico estadounidense, que desapareció trágicamente a los 27 años, en Londres, después de haber ingerido un cóctel de somníferos y de vino tinto. Con su ""Café Jimi"" y su albergue ""Hendrix"", el pueblo de Diabat tiene aires de santuario. Coloridas etiquetas y retratos celebran el ""paso histórico"" del guitarrista poco antes de actuar en el icónico festival de Woodstock.""Hendrix parecía estar en forma. Estaba rodeado por sus guardaespaldas, rubios y de gran tamaño. Llevaba un collar con tres diamantes y una chaqueta de jean forrada"", recuerda Abdelaziz Khaba. Este hombre, de 72 años, afirma que posó con él pero que ""perdió la foto"".Foto: AFP Si bien las visitas a Marruecos de Jim Morrison, Paul McCartney o Robert Plant, en los años 1960/1970 están perfectamente documentadas, el misterio rodea sobre la estancia de Hendrix en Diabat y alimenta los rumores.También lee: Jimi Hendrix, 49 años sin el genio de la guitarraSu ""breve visita durante el verano (boreal) de 1969 produjo una montaña de informaciones falsas e historias ficticias"", constata uno de sus biógrafos, Caesar Glebbeek, en un artículo publicado en el sitio Univibes.Según una leyenda perenne, el flamante zurdo se habría inspirado incluso en ""Dar Soltane"", una fortaleza en ruinas, casi sepultada al pie del pueblo, para componer su célebre título ""Castle made of Sand"" (Castillo de arena).Pero la canción salió en 1967, es decir, dos años antes de su estancia en Marruecos.Esto no impide que el pequeño café de Diabat, salpicado de retratos de la estrella, evoque triunfalmente este título en un cartel de madera clavado en la pared. También abundan relatos sobre las peripecias marroquíes de Jimi Hendrix, entre ellas que habría recorrido el país en una furgoneta, intentado comprar una isla en la costa de Essaouira, o bien todo el pueblo de Diabat.Foto: AFP El mito Hendrix fascina a Abdelhamid Annajar, un vendedor de discos instalado a la sombra de las murallas de Essaouira. ""Numerosos turistas regresan sobre sus pasos y quieren saberlo todo. Hay también nostálgicos que vienen a recordar los viejos tiempos"", comenta el gerente de ""Bob Music"".Caesar Glebbeek, el biógrafo del guitarrista de Seattle, busca desentrañar lo verdadero de lo falso en sus escritos. ""Sí, Jimi Hendrix vino a Essaouira, donde se alojó en un cuatro estrellas, pero no importa lo que dicen los guías turísticos y los aficionados nostálgicos nunca visitó Diabat"".rad ",la misteriosa visita de jimi hendrix un pueblo de marruecos,https://www.eluniversal.com.mx/espectaculos/la-misteriosa-visita-de-jimi-hendrix-un-pueblo-de-marruecos,eluniversal,www.eluniversal.com.mx,6,270
7b3df03404e756d67cbe846df6f337e6,"Investigadores de México señalaron que las becas posdoctorales que da el Consejo Nacional de Ciencia y Tecnología (Conacyt) mediante las Convocatorias de Estancias Posdoctorales en el Extranjeros 2020-1 y Estancias Posdoctorales por México 2020 fueron otorgadas en medio de un proceso que no tuvo transparencia y con irregularidades.A través de una carta, los investigadores expusieron su descontento por los resultados que se dieron a conocer el 28 de agosto (corte uno) y el 11 de septiembre (corte dos), porque señalaron que sus proyectos no tuvieron una calificación favorable.“De manera conjunta con nuestros asesores, investigadores nacionales miembros del Sistema Nacional de Investigadores (SNI) e investigadores extranjeros reconocidos a nivel mundial, hemos solicitado al Conacyt sistemáticamente, en tiempo y forma, la información detallada acerca de nuestras evaluaciones y los comités evaluadores, sin haber recibido respuesta a cabalidad”, dijeron.En la misiva, los investigadores argumentaron que para las becas hubo ineficiencia en el proceso de evaluación de proyectos y falta de transparencia.En el caso de la ineficiencia, señalaron que “se tiene conocimiento de que, a pesar de que los proyectos fueron enviados con más de 3 meses de anticipación para su evaluación, estos fueron revisados a pocos días de publicarse los resultados por el Conacyt, quien, cabe destacar, atrasó una semana más la publicación de los resultados de la convocatoria a estancias posdoctorales nacionales. Esto genera cuestionamientos sobre si se otorgó el tiempo suficiente para una evaluación eficiente y apropiada”.Agregaron que la ineficiencia se evidencia porque el Conacyt sólo ha informado a los aspirantes que la calificación final obtenida es el resultado del promedio del puntaje asignado únicamente por dos evaluadores. A los medios de comunicación y público en general:Hacemos de su conocimiento las irregularidades en el proceso de evaluación de becas de posdoctorado llevada a cabo por @Conacyt_MX#HazlobienConacyt #EvaluacionConCiencia #evalucioneslimpias@ElenaBuylla @mariodeleow pic.twitter.com/DM5Fv2RJ6g — Posdocs2020 (@posdocs2020) September 16, 2020Sin embargo, detectaron que para un mismo proyecto, existen calificaciones que son opuestas y acompañadas de comentarios por parte de los evaluadores que en su mayoría hacen referencia a criterios “subjetivos” que no evalúan la viabilidad científica del proyecto, las cualidades científicas de los solicitantes “ni el reconocimiento que posee la institución receptora en la que se desea realizar la estancia”.Además de las calificaciones opuestas, indicaron que hay ambigüedades como la falta del factor de impacto de la revista donde se publicarán los resultados del proyecto, pero sin considerar que son proyectos que no han comenzado.“Lo anterior denota la inexistencia de un comité conformado por investigadores ad-hoc relacionados con el área de conocimiento de los proyectos sometidos, lo que resulta en la emisión de calificaciones y juicios divergentes y subjetivos, eliminando el rigor del proceso de evaluación”, dijeron.Con respecto a la falta de transparencia, los investigadores señalaron que hasta el momento no se les ha entregado un dictamen “adecuado” y que responda al por qué de los resultados no favorables.“Al no existir concordancia entre los comentarios emitidos por los evaluadores y el puntaje asignado al proyecto, se ha solicitado conocer cuáles fueron los criterios a evaluar para cada proyecto rechazado y el valor asignado a cada uno de estos criterios; sin embargo, dicha información no ha sido proporcionada por el Conacyt”.Los investigadores también señalaron que Conacyt tampoco ha otorgado información sobre el área de conocimiento de los evaluadores asignados a los proyectos o la experiencia que poseen en el campo, ni los datos sobre el tiempo de revisión proporcionado a los evaluadores, factores con los que se elimina un proceso de retroalimentación.Sin embargo, enfatizaron que la inconformidad y molestia que existe dentro de la comunidad científica con respecto a los métodos y proceso de asignación de becas que realiza Conacyt, no es nueva, pues recordaron que el año pasado se llevó a cabo la movilización de “Jóvenes Investigadores en Defensa de la Ciencia”, quienes exigieron la mejora en los procesos de evaluación.“Exigimos al Conacyt información sobre los procesos de selección y la rúbrica de los evaluadores asignados a nuestros proyectos. En caso de que el comité de evaluadores no haya sido conformado por investigadores ad-hoc, con experiencia científica  y académica dentro de las áreas de conocimiento  de nuestros proyectos, exigimos la conformación de un verdadero Comité evaluador ad-hoc para la evaluación de los mismos”, indicaron.fjb",becas postdoctorales del conacyt sin transparencia y con irregularidades,https://www.eluniversal.com.mx/ciencia-y-salud/becas-postdoctorales-del-conacyt-sin-transparencia-y-con-irregularidades,eluniversal,www.eluniversal.com.mx,5,319
751216d08dda391da6438dbeec4a3b65,"Perdón, pero hoy no tengo ganas de celebrar.No cuando nos faltan 200 mil mexicanos, devorados por la pandemia. Muertos directa o indirectamente por el virus. Muertos porque obedecieron las instrucciones y se quedaron en casa, mientras se les inflamaban los órganos hasta la atrofia. Muertos porque llegaron a un hospital y les dijeron que su caso no era grave, que no ameritaba más que paracetamol, y que, al cabo de dos días, regresaron al borde de la asfixia, con la oxigenación en el piso, sin siquiera el consuelo de morir acompañados.Muertos porque el gobierno decidió ahorrar en pruebas y optó por la ceguera, por no identificar tantos casos como se pudiera, por no aislar a los enfermos y rastrear a sus contactos, por no romper las cadenas de contagio.Muertas porque, aún sin Covid, peregrinaron de más para dar con un hospital que las atendiera. Muertas de peritonitis o de un infarto. Muertas en la ambulancia o a las puertas de una sala de urgencias, mientras se consumían sus últimos minutos a la espera de una prueba rápida. Muertas porque su clínica fue reconvertida, les cancelaron una mastografía y el tumor que era fácilmente operable en marzo hizo metástasis en los meses de espera. Muertas porque debieron posponer una quimioterapia o una cirugía salvadora. Muertas en el altar de las camas vacías.Muertos porque no pudieron quedarse en casa. Muertos porque, puestos en el dilema de la inanición o el contagio, optaron por lo segundo. Muertos porque un gobierno, paralizado intelectual y moralmente por el fantasma de crisis pasadas, decidió dejarlos a su suerte. Muertos porque no podían parar, porque sobrevivían en la economía informal, porque nadie tuvo la audacia y la imaginación para ayudarlos.Muertas porque estaban en la primera línea de la batalla. Muertas porque eran doctoras y enfermeras y camillistas y personal de intendencia. Muertas porque han tenido que pasar meses enteros, sin relevo ni descanso, en clínicas Covid. Muertas porque no recibieron a tiempo y en cantidad suficiente su equipo personal de protección. Muertas porque se dejó correr sin control demasiados brotes en demasiados hospitales.Muertos que eran albañiles y repartidores y cargadores y taxistas. Muertos que trabajaban en los mercados y las centrales de abasto. Muertos que acabaron llenando los panteones improvisados en Iztapalapa o Chalco. Muertos que eran de Tijuana o Culiacán, Cancún o León. Muertos en las ciudades. Muertos en el campo.Muertas que compartieron destino con tres o cinco o siete integrantes de su familia. Muertas que ya eran octogenarias y muertas que no llegaban a los treinta. Muertas que eran niñas. Muertas que no sobrevivieron a un embarazo. Muertas que tenían diabetes o hipertensión y muertas que no tenían otra cosa más que vida.Muertos que eran padres, hijos, esposos y amigos. Muertas que dejaron hijas solas y madres destrozadas. Muertos que se quedaron a media existencia. Muertas que dejaron al futuro como incógnita irresoluble.Muertos y muertas que no son sino prólogo de las muchas decenas de miles de muertes que aún le quedan a la pandemia.Entonces me perdonarán, pero no estoy de humor para celebrar. No cuando nos faltan tantos.Twitter: @ahope71 [email protected] ",los que nos faltan,http://www.eluniversal.com.mx/opinion/alejandro-hope/los-que-nos-faltan,eluniversal,www.eluniversal.com.mx,1,240
dae945beafec52c0ef677b0686777c77,nan,bajo reserva,http://www.eluniversal.com.mx/autor-opinion/columnistas/periodistas-el-universal/bajo-reserva,eluniversal,www.eluniversal.com.mx,2,1
afc774e51ae095864b0b667627a0200e,nan,el fondo del meollo,http://www.eluniversal.com.mx/gerardo-velazquez-de-leon/el-fondo-del-meollo,eluniversal,www.eluniversal.com.mx,2,1
