body,title,url
,,http://www.eluniversal.com.mx/nacion
"

Ante la dispersión de La Unión Tepito, el Cártel Jalisco Nueva Generación (CJNG) se ha convertido, junto con grupos delictivos de Michoacán y Sinaloa, en uno de los principales abastecedores de drogas a células de narcomenudistas de la Ciudad de México.

“El Cártel Jalisco Nueva Generación, actualmente para la Ciudad de México, está distribuyendo drogas a grupos que son muy locales, el tema de La Unión Tepito, que ya está muy disperso, le ha permitido llegar a colonias de las alcaldías que están tomando el control”, según reportes federales.

Surte drogas en colonias de las alcaldías Gustavo A. Madero, Cuauhtémoc, Tlalpan, Xochimilco, Milpa Alta, Tláhuac, Benito Juárez, Miguel Hidalgo y Cuajimalpa, donde fortaleció su presencia en los últimos años.

Uno de los informes consultados refiere que la organización criminal encabezada por el capo michoacano, Nemesio Oseguera Cervantes El Mencho, ha intentado tomar el control de las actividades ilícitas en la capital de dos formas: en la parte operativa y de distribución de estupefacientes.
 También lee: La Unión Tepito y el CJNG, en pugna por la Cuauhtémoc

“Han sido varios intentos y no sólo en la parte operativa, sino en la distribución”. Sin embargo, se destaca en el reporte, no ha logrado hacerse del dominio como único grupo, debido a la captura de algunos de sus operadores y aliados por autoridades federales y capitalinas.

“En la Ciudad de México no tienen un grupo antagónico, no es como en otros estados donde para que el Cártel Jalisco Nueva Generación ingrese, tiene que enfrentarse, sino que aquí lo que les impide el ingreso tal cual, ha sido la propia autoridad”, señala.

A través de La Anti-Unión Tepito, el Cártel Jalisco Nueva Generación ingresó a la capital para la venta y distribución de drogas, secuestro y extorsión, pero los líderes de ese grupo, Jorge Flores Conchas, El Tortas, y Jorge Miguel Rodríguez Muñoz, El Cabezas”, fueron detenidos.

Flores Conchas, condenado por un juez federal a ocho años de prisión, recibió apoyo del Cártel Jalisco Nueva Generación, que le proporcionó recursos económicos, armas, droga, vehículos, sicarios y adiestramiento con el objetivo de ampliar su zona de operación en la capital y en los municipios de Toluca, Ecatepec, Tlalnepantla, Naucalpan, Atizapán de Zaragoza y Cuautitlán Izcalli, en el Estado de México.
 
 

Según autoridades federales, reforzaba sus células operativas en la Ciudad de México con la finalidad de tomar el control de grupos antagónicos y con disidentes de La Unión Tepito, recababa información para ubicar y atentar en contra de los líderes de esa debilitada unión.
 También lee: En la CDMX ya no hay cárteles, sólo células: Harfuch

Luego, las autoridades capitalinas capturaron a Carlos Fernando Huerta, El Viejón, quien quiso establecerse en la Ciudad de México para el CJNG, y es señalado de coordinar a los sicarios que mataron a dos ciudadanos de origen israelí en Plaza Artz, en 2019.

La Fiscalía General de Justicia de la capital desactivó en abril de este año una célula del CJNG, encabezada por María del Carmen Albarrán García, Doña Ceci, que vendía drogas en las alcaldías Gustavo A. Madero, Venustiano Carranza y Azcapotzalco.

EL UNIVERSAL publicó el miércoles que en tres años, el CJNG penetró el centro del país, con células operativas o alianzas con grupos locales, llegando a los estados de Guerrero, Morelos, Estado de México, Ciudad de México y posteriormente a Puebla, Hidalgo y Querétaro.

En 2010 nació la organización criminal encabezada por el capo michoacano, Nemesio Oseguera Cervantes, El Mencho, y cinco años después, en 2015, salió por primera vez de Jalisco con el objetivo de expandirse por el país para el control del tráfico de drogas, secuestro y extorsión, entre otros delitos.

También lee: Empresarios acusan que 3 grupos criminales acechan zona oriente del Centro
 De acuerdo con autoridades federales, el Cártel Jalisco Nueva Generación recluta a jóvenes de diferentes entidades y los manda a Puerto Vallarta, Jalisco, para después subirlos a la sierra donde reciben adiestramiento de exmilitares de Colombia y exintegrantes de las Fuerzas Armadas Revolucionarias de Colombia (FARC), a fin de realizar operaciones muy concretas como asesinatos o la toma de territorios que buscan controlar, actividades encomendadas por sus jefes.

Su crecimiento en la zona centro facilitó su entrada a la capital del país, con el envío de pequeñas células previamente entrenadas en Puerto Vallarta, Jalisco, desde donde se coordinan muchas de las operaciones del Cártel Jalisco Nueva Generación, considerado una de las organizaciones más violentas.

“En la Ciudad de México no tienen un grupo antagónico, no es como en otros estados donde para que el Cártel Jalisco ingrese, tiene que enfrentarse, sino que aquí lo que les impide, el ingreso tal cual, ha sido la propia autoridad”, según la policía.

 
",,http://www.eluniversal.com.mx/nacion/cartel-jalisco-surte-narcomenudistas-en-9-alcaldias-de-la-cdmx
"

A las y los mexicanos: La Cámara de Diputados aprobó la semana pasada con 420 votos a favor, 15 abstenciones y ninguno en contra, la Iniciativa enviada por el Ejecutivo Federal para reformar los artículos 108 y 111 de la Constitución Política de los Estados Unidos Mexicanos con el objeto de retirar el Fuero Constitucional al presidente de la República; el texto aprobado y enviado al Senado establece expresamente que durante el tiempo de su encargo, el presidente podrá ser imputado y juzgado por traición a la patria, hechos de corrupción, delitos electorales y todos aquellos ilícitos por los que podría ser enjuiciado cualquier ciudadano común, de ahí que para proceder penalmente en su contra, solo habrá que acusarlo ante la Cámara de Senadores para que, previo análisis y mediante un juicio de procedencia, se le retire el fuero y pueda ser sujeto de proceso penal.
 Actualmente el presidente de la República únicamente enfrenta responsabilidades penales por traición a la patria y delitos graves del orden común, es decir que, la inmunidad prevista en el Texto Supremo, en realidad ordena la impunidad para todos los demás delitos. El cambio planteado no es menor, ni desde el punto de vista teórico ni de la praxis política, resulta de la mayor relevancia para la vida pública nacional debido a sus múltiples implicaciones, las cuales cimbrarán a todo el aparato de poder, por lo que es importante seguir el proceso legislativo en el Senado y en las Legislaturas de las entidades federativas.
 De cobrar vigencia esta reforma, las consecuencias en los entramados jurídicos e institucionales de todo el país, enfrentarán una reconfiguración de forma y fondo, pues necesariamente resultará en el replanteamiento de los símbolos, señales y cultura que, hasta hoy, siguen presentes.
 Desde la academia y la tribuna hay quienes han defendido el Fuero Presidencial, argumentado con razón que este no protege al funcionario sino a la función pública, ya que, no es para beneficiar a la persona sino para asegurar que el cargo esté salvaguardado de los intereses y abusos del propio poder público —en este caso del Congreso de la Unión y de la Suprema Corte de Justicia de la Nación—, a efecto de mantener el equilibrio entre los Poderes del Estado. Argumentación que hacen valer para el Fuero del que están investidos los legisladores e integrantes del Poder Judicial, así como para el de los integrantes de los Poderes estatales.
 Razonamiento el anterior, sin duda lógico y adecuado, en tanto que fue concebido en un sistema presidencial —por no decir presidencialista— donde el presidente de la República fue concebido como omnipotente, lo que permitió se arrogara atribuciones metaconstitucionales, particularmente durante el periodo hegemónico, convirtiéndolo en un funcionario y en un ciudadano “intocable”. Esta omnipotencia e intocabilidad fue heredada a los gobernadores que actuaban como peones frente al poder presidencial y como señores feudales ante la ciudadanía, hasta que la alternancia los convirtió en virreyes y les permitió arrebatar a pellizcos el poder a los presidentes en turno, recibir transferencias de dinero público no fiscalizables y sustituir el pacto federal por uno de impunidad.
 Entonces, si ahora el presidente de la República puede ser enjuiciado penalmente por los mismos delitos y bajo el mismo procedimiento que un ciudadano de a pie ¿qué les espera a los gobernadores, a los senadores, a los diputados, a los ministros y al resto de los servidores públicos? Si el pueblo ya puede remover a un gobernante revocándole el mandato a la mitad de su gestión ¿cómo se controlará a los opositores y a los aliados? Si ya no existe complicidades vergonzantes, ni temor, ni servilismo ¿de qué se trata ahora la política?
 Hoy los mecanismos de democracia directa conviven sin conflicto en la Carta Magna con los de la democracia representativa, y los simbolismos del poder se desdibujan a pesar del pataleo costumbrista, lo cual necesariamente nos obliga a repensar al Estado, a sus instituciones y sus prácticas, parece que tenemos que hacernos a la idea de que lo que fue ya no será. A nadie debe extrañarle que el grupo parlamentario mayoritario no se conduzca con obediencia sumisa, que no haya besamanos en el informe de gobierno y que los gobernadores abandonen la Conago, porque lo que en el pasado se consideraba afrenta ahora a nadie insulta: “…nada de maniobras por cargos … nada de hacer cosas que a todas luces son indebidas...”, “la arrogancia de sentirse libres”, “están en su derecho …”.
 La libertad política no es andar suelto como burro sin mecate, sino estar libre de coacción y sometimiento, teniendo como únicos límites la ley y el conjunto de principios y valores que esta consigna. La libertad política tiene como asidero la igualdad y esta no entiende de fueros, en tanto que son privilegios y exenciones arbitrarias.
Entonces, si el orden de cosas será diferente, ¿cuáles serán los nuevos mecanismos de control político para dar paso a la gobernabilidad?
 Titular del Fondo Mixto de Promoción Turística de la CDMX; activista social y exdiputada federal.
",,http://www.eluniversal.com.mx/opinion/paola-felix-diaz/como-burro-sin-mecate
"
Un adulto mayor fue expulsado de un vuelo de la aerolínea Allegiant Air en Florida, Estados Unidos, por pedirle a una azafata que utilizara cubrebocas.

Un video filmado por otro pasajero, y difundido en redes sociales, mostró el momento en que el hombre salió del avión escoltado por una mujer del cuerpo de seguridad de la aerolínea, en el Aeropuerto de Punta Gorda, en el condado de Charlotte. 

El sujeto se quejó de que la asistente de vuelo se bajó el cubrebocas durante la demostración de seguridad antes del despegue del vuelo, con destino a New Hampshire. 


Lee también: Llama ""mexicanos sucios"" a turistas en Las Vegas y desata pelea


Luego de quejarse y pedirle a la azafata que se colocara de nuevo el cubrebocas por seguridad de todos, una mujer de vigilancia abordó la aeronave y se acercó hasta el asiento del pasajero para indicarle que debía abandonar el vuelo.

""Estaba haciendo lo que se supone que se debería"", respondió el adulto mayor en referencia a las medidas sanitarias decretadas por la pandemia de Covid-19, que obligan a que todas las personas usen cubrebocas en espacios públicos, especialmente en aviones.

 

 

Antes de abandonar el vuelo, el pasajero pidió hablar con el capitán, pero la mujer se lo impidió. ""Usted no tiene permitido estar aquí"", le dijo la integrante del cuerpo de seguridad al hombre cuando lo acompañó hasta la salida del avión.

El resto de los pasajeros protestó por la expulsión del adulto mayor, ya que calificaron la acción como ""ridícula"". Al sentirse respaldado, el hombre los exhortó a bajar del avión con él, pero esto no ocurrió. 

La aerolínea Allegiant aseguró a medios estadounidenses que el pasajero ""se volvió perturbador durante la sesión de seguridad"" con ""declaraciones amenazantes"" que se convirtieron en hostigamiento hacia la azafata.


Visita: Dos tipos de cubrebocas que prohíben aerolíneas de Estados Unidos


p
",,https://www.viveusa.mx/destinos/expulsan-pasajero-vuelo-pedirle-azafata-cubrebocas
"
La Unión Nacional de Trabajadores Agrícolas (UNTA), la Coalición de Organizaciones Democráticas, Urbanas y Campesinas (CODUC) y el Movimiento de Trabajadores Rurales sin Tierra (MST), condenaron el asesinato, a manos de elementos de la Guardia Nacional, de dos campesinos productores, el martes en Chihuahua, y demandaron al gobierno federal abra un espacio de diálogo con los productores de la región para encontrar una salida pacífica a este problema.
En conferencia, sus líderes Álvaro López Ríos, Secretario General de la UNTA; Marco Antonio Ortiz Salas de CODUC y Francisco Chew Plascencia de MST, exigieron al presidente Andrés Manuel López Obrador una explicación sobre el uso de la fuerza letal de la Guardia Nacional en contra de Yesy Silva y Jaime Torres, esposos y productores de nuez de la región, cuando la pareja regresaba a su domicilio en Lázaro Cárdenas trayecto durante el cual, a bordo de su vehículo, los atacaron en las inmediaciones de una gasolinera.
Los líderes campesinos advirtieron que con este incidente se corre el riesgo que haya más actos de violencia y “estemos frente a una decisión de que haya un Estado represivo y militarizado”.
Leer también: Corral lamenta declaraciones de AMLO sobre presa; manejo político-electoral viene del Presidente, afirma
“Vemos con simpatía la lucha de los productores de Chihuahua entorno a su derecho al consumo de agua antes de que ésta se otorgue a los productores de la Unión Americana; sin embargo, no han sido escuchados pero si reprimidos, por lo que condenando el vil y artero asesinato cometido por la Guardia Nacional”, afirmó Álvaro López Ríos.
Ratificó la urgencia de que se indague a la Guardia Nacional por este crimen de líderes sociales y se castigue a los responsables así como que el Gobierno inicie una mesa de diálogo para escuchar a los productores Chihuahuenses.
Señalaron que hay testigos que aseguran que las patrullas GN332343 y GN332340 dispararon en contra de la pareja y recriminaron a López Obrador que asegure que todos los elementos de la Guardia Nacional están capacitados en el uso de la fuerza de manera apropiada, sin excesos y con respeto a los derechos humanos.
Señaló que los ejidatarios de Chihuahua acudieron a defender su derecho al uso de agua, afirmó Álvaro López Ríos, quien reprochó a Andrés Manuel López Obrador el que defienda a Estados Unidos y no a los mexicanos que reclaman el suministro del vital líquido.
""Los ejidatarios participaron en las protestas contra el Gobierno Federal por la extracción de agua de La Boquilla para pagar a Estados Unidos los compromisos asumidos en 1944 en un tratado internacional"", afirmó.
hm
",,https://www.eluniversal.com.mx/nacion/organizaciones-campesinas-condenan-asesinato-de-agricultores-en-chihuahua
"

Sin la intervención del gobierno federal, Rusia firmó un acuerdo con el laboratorio mexicano Landsteiner Scientific para enviar 32 millones de vacunas contra Covid-19 Sputnik V y cubrir a 25% de la población nacional.

De acuerdo con el Fondo Ruso de Inversiones Directas (RDIF), las entregas de la vacuna para México comenzarán en noviembre próximo, sujetas a la aprobación de los reguladores del país, en este caso, la Comisión Federal para la Protección contra Riesgos Sanitarios (Cofepris).

Anoche, el subsecretario de Prevención y Promoción de la Salud, Hugo López-Gatell, informó que la empresa mexicana realizó acuerdos preliminares con el gobierno de Rusia, pero el de México no está involucrado.

Así, este convenio se gestó directamente entre la farmacéutica y el gobierno liderado por Vladimir Putin. Al respecto, la Cofepris aseguró que no ha recibido ninguna solicitud para comprobar la eficacia de estas dosis.
 También lee: ¿Qué es la mielitis transversa, detectada en voluntario de vacuna de AstraZeneca?

“Hasta el momento no hay ninguna solicitud para atender esta solicitud. Ningún laboratorio ni el gobierno de Rusia han solicitado a Cofepris que apruebe o revise las vacunas. Al día de hoy, 9 de septiembre, no ha llegado petición para verificar la eficacia de la vacuna rusa ni sobre cómo se va a operar la entrega del fármaco”, aseguró la comisión a
EL UNIVERSAL.

El subsecretario Hugo López-Gatell Ramírez enfatizó que la Cofepris deberá verificar todavía la calidad, seguridad y eficacia del producto antes de que éste sea aplicado a la sociedad mexicana.

“El gobierno ruso ha promocionado su vacuna y ha hecho acuerdos preliminares con una empresa mexicana que se dedica a la distribución de insumos y a la fabricación de ciertos equipos técnicos, como diálisis. Hasta donde se conoce, el propósito de este acuerdo es que el gobierno ruso tenga un mecanismo de distribución de la vacuna, y en este caso es un ente privado, no tiene que ver con el gobierno federal. Si se cumple, el gobierno no tiene nada que decir; incluso, podría facilitar el acceso a la vacuna”.

Adelantó que hoy el gobierno se reunirá con el ruso para comentar sobre la vacuna Sputnik V. El funcionario resaltó que, sin importar la cantidad de productos que ingresen al país, éstos deberán ser verificados por la Cofepris.

“Se habla de 32 millones, 50 o 100 o dos, cualquier dosis, todas deben pasar por la verificación sanitaria, por el proceso de análisis de riesgos sanitarios. Los tiempos para resolver están normados, son un par de meses desde que se ingresa el trámite de solicitud, y esto no significan trabas burocráticas, sino que ninguna autoridad sanitaria debería dar un trámite rápido en el que se desconozca la eficacia científica o no haya garantía de la seguridad de los productos”, dijo.
 También lee: OMS estima que vacuna contra Covid-19 no será masiva antes de 2022

La empresa mexicana confirmó el acuerdo e indicó que antes de distribuir las dosis entre la población será necesario obtener el registro sanitario de la Cofepris.

“Este acuerdo busca colaborar de manera puntual con las autoridades mexicanas para que, una vez que se concluyan con éxito los estudios fase III de la vacuna, pueda someterse ante las autoridades sanitarias de nuestro país, conseguir su registro sanitario por parte de la Cofepris y comenzar su distribución en todo el territorio”, aseguró.

Agregó que contar con una vacuna que combata al nuevo coronavirus es muestra del compromiso de la industria farmacéutica nacional para contribuir en el combate al SARS-CoV-2.

Landsteiner Scientific subrayó que colaborará en todo momento con las autoridades mexicanas para seguir todos y cada uno de los lineamientos clínicos y regulatorios para que esta vacuna represente una alternativa eficaz y segura para la atención de la pandemia por Covid en México.

El 11 de agosto pasado, la vacuna Sputnik V, desarrollada por el Instituto Nacional de Investigación de Epidemiología y Microbiología de Gamaleya, fue registrada por el Ministerio de Salud de Rusia y se convirtió en la primera con patente en el mundo contra el Covid-19.
 También lee: ¿Qué sí y qué no puede detener los ensayos de una vacuna?

Juan de Villafranca, director de la Asociación Mexicana de Laboratorios Farmacéuticos (Amelaf), comentó que el laboratorio Landsteiner, el cual se encuentra integrado a esta asociación, busca formar parte de la solución contra la pandemia por el nuevo coronavirus, al igual que toda la industria en México.

“Como director de Amelaf, soy muy respetuoso de lo que maneje cada laboratorio, pero es muy bueno que se den cuenta que los laboratorios mexicanos pueden ser parte de la solución y que pueden contribuir al tema de la vacuna de Covid-19”, dijo.

Detalló que en este caso el gobierno ruso funcionará como un proveedor del laboratorio Landsteiner Scientific y resaltó la capacidad instalada con la que cuenta la farmacéutica.

“Los términos del convenio es cosa privada, respetamos mucho los acuerdos que tengan los laboratorios con sus proveedores, pero es bueno saber que los laboratorios mexicanos podemos ser parte de la solución”.

Sobre el papel de la Cofepris, el director de Amelaf indicó que es muy importante debido a que todo el tema clínico debe ser aprobado por la reguladora.

“Ningún medicamento, fármaco o vacuna puede llegar a la población sin antes pasar por la aprobación de Cofepris. Todo el tema clínico de las dosis debe ser aprobado por la comisión, son protocolos que se tienen que seguir, es importante”, afirmó.
",,http://www.eluniversal.com.mx/nacion/pactan-vacuna-con-rusia-sin-mediacion-de-la-4t
"
La Guardia Nacional puso a disposición de la Fiscalía General de Justicia de Chihuahua a 17 elementos para esclarecer la muerte de una pareja de productores que participó en las protestas que derivaron en la toma de la presa La Boquilla, en el municipio de San Francisco de Conchos.
Fuentes de la corporación afirmaron que el personal está dispuesto a declarar sobre los hechos ocurridos la tarde del martes, cuando el Ministerio Público que lleva la investigación, lo requiera.
“Se mantiene una estrecha cooperación con las autoridades ministeriales del estado y federal para el esclarecimiento de los hechos, eso incluye que el personal acuda a declarar cuando se le requiera”, informó la GN.
Personal de la Unidad de Asuntos Internos de la Guardia Nacional arribó ayer a Chihuahua para sumarse a las investigaciones y colaborar con las autoridades ministeriales, reportó la corporación al mando del general retirado, Luis Rodríguez Bucio.
La Gurdia Nacional afirmó ayer que su personal fue agredido en la presa La Boquilla y, posteriormente, en el municipio de Delicias, detuvieron a tres personas que portaban granadas de gas lacrimógeno y un cargador para arma de fuego.
También lee: El doble conflicto de Chihuahua
“Al trasladarlos para su puesta a disposición en la ciudad de Delicias, Chihuahua, nuestros elementos fueron interceptados por civiles armados en varios vehículos, quienes los agredieron con armas de fuego”, aseguró.
Indicó que los elementos repelieron la agresión.
 



Señalan a Guardia Nacional por baleados en Chihuahua; repelieron agresión, afirman 







“Posterior a ello, se realizó un reconocimiento localizándose un vehículo con una persona fallecida y otra herida, esta última fue trasladada a un nosocomio para su atención, en donde más tarde falleció”.
Refrendó su compromiso “de esclarecer estos lamentables hechos y coadyuvar con las investigaciones de las autoridades competentes para deslindar responsabilidades. Ratificamos que nuestro actuar siempre será en el marco de la ley e irrestricto respeto a los derechos humanos”.
 

Señalan a Guardia Nacional por baleados en Chihuahua

La noche del martes fue tiroteada una pareja de agricultores que regresaba de la protesta que logró el retiro de elementos de la Guardia Nacional que custodiaban las válvulas del embalse La Boquilla.
Ambas personas se dirigían a su casa cuando fueron acribilladas en las inmediaciones de una gasolinería.
De acuerdo con testimonios, agentes de la Guardia Nacional abrieron fuego contra el vehículo. La mujer murió en el lugar y el hombre se reporta grave.
El gobernador de Chihuahua, Javier Corral, exigió que la Fiscalía General de la República investigue los hechos.
“Fueron agredidos, según diversos testimonios y señalamientos, por elementos de la Guardia Nacional. Condenamos enérgicamente los hechos”, expuso, y aseguró que este hecho no quedaría impune.
El fiscal General del Estado, César Augusto Peniche, informó que ya se giraron oficios a fin de que se rinda un informe sobre las unidades que estuvieron en el lugar y que se pongan a disposición las armas, con el fin de hacer pruebas balísticas.
El director de Seguridad Pública Municipal de Delicias, Víctor Manuel Orona, explicó que el homicidio fue reportado al 911 y que, al llegar al sitio, encontraron a una mujer sin vida y a un hombre gravemente lesionado.

Manejo político-electoral viene del Presidente, afirma Javier Corral
El gobernador Javier Corral deploró las declaraciones del Presidente de la República durante la conferencia mañanera, con relación al tema del agua de las presas de Chihuahua.
Incluso señaló que quien ha hecho manejo político-electoral de este tema ha sido el propio Andrés Manuel López Obrador. 
 



Piden ayuda para agricultor baleado en protesta de presa La Boquilla en Chihuahua 







“Lo que debo de lamentar es que quien más ha contribuido hoy a hacer de este conflicto un manejo político-electoral es el propio Presidente de la República, que ha ido incluso a hacer señalamientos muy delicados sobre la participación de algunos exgobernadores”, dijo.
El mandatario de Chihuahua lamentó el ataque que sufrió la pareja de agricultores y reafirmó que la Fiscalía General del Estado está haciendo una investigación minuciosa de los hechos para garantizar que se haga justicia. 
Javier Corral precisó que, desde el pasado 27 de agosto, envió un documento firmado por los productores en los que se asume el compromiso entregar hasta 100 millones de metros cúbicos; no obstante, hasta la fecha, no ha tenido respuesta por parte de los funcionarios federales. 
fml
 
",,https://www.eluniversal.com.mx/nacion/presa-la-boquilla-guardia-nacional-pone-disposicion-de-fiscalia-de-chihuahua-17-elementos
,,http://www.eluniversal.com.mx/autor-opinion/articulistas/paola-felix-diaz
,,http://www.eluniversal.com.mx/autor-opinion/articulistas/mario-maldonado/mario-maldonado
,,http://www.eluniversal.com.mx/autor-opinion/columnistas/luis-cardenas/en-la-mira
"
Al lamentar la muerte de una mujer tras la toma de la presa La Boquilla de Chihuahua, el presidente Andrés Manuel López Obrador aseguró que los elementos de la Guardia Nacional implicados tienen la instrucción de declarar ante el Ministerio Público para deslindar responsabilidades y castigar a quienes cometieron ese crimen. 
En su conferencia de prensa en Palacio Nacional, el titular del Ejecutivo hizo una recuento de los hechos del martes pasado, pues luego de la toma de La Boquilla, elementos de la Guardia Nacional detuvieron a personas con granadas para ponerlos a disposición de la autoridad, fueron seguidos por cuatro camionetas y se dieron los disparos.
“Los siguen cuatro camionetas y se dan unos disparos; contestan con tiros al aire (la agresión) y de las cuatro camionetas se dan cuenta que una se queda detenida y encuentran que estaba herida de muerte la señora y el esposo”, dijo. 
“Es muy lamentable, hay que ver si hubo disparos o no, se sostiene que uno de la Guardia tiró y están a la espera de ser llamados por el Ministerio Público, deben ser como unos 20 los que participaron”, agregó.  
También lee: Pide AMLO intervención de FGR para investigar toma de La Boquilla en Chihuahua
El presidente López Obrador pidió a la Fiscalía que lleve a cabo la investigación completa y que se conozca todo lo que sucedió, pero también quién convocó a la movilización, quién tomó la decisión de tomar la presa, la participación de dirigentes políticos y desde luego el castigo de quienes hayan cometido este crimen.  
Insistió en que como vienen las elecciones en Chihuahua, el PRI y el PAN están engañando a la gente con el pretexto de que los productores se quedarán sin agua por cumplir con el acuerdo con Estados Unidos.
“Lo que ya sabemos es que estaban utilizando el asunto del agua con propósitos político-electorales, porque existen intereses creados en el control y manejo del agua. El día  de estos lamentables hechos participaron dos exgobernadores del PRI, un diputado federal del PAN, el senador (Gustavo) Madero, del PAN; en eso anda (busca la gubernatura), pero no es justo, es inaceptable, que se use un asunto como este del agua, con propósitos electorales”, señaló. 
El Presidente acusó que desde 1986, en Chihuahua, el PRI y el PAN están asociados en el llamado PRIAN.
ed
",,https://www.eluniversal.com.mx/nacion/amlo-senala-exgobernadores-del-pri-y-madero-en-conflicto-de-presa-la-boquilla
"
En el lugar se localizaron 39 cartuchos de fusil, de los calibres .223 y 7.62. Dos camionetas de color oscuro se habían internado en calles de la colonia Antonio Barona, en Cuernavaca, Morelos. Los tripulantes se detuvieron frente a una parada de transporte público y abrieron fuego contra tres jóvenes que se encontraban ahí.
A continuación, los sicarios volvieron a sus fusiles y barrieron a los asistentes a un velorio que se llevaba a cabo en la calle Lázaro Cárdenas, número 53. Los funerales eran tan concurridos que muchos de los dolientes se encontraban en la calle.
Velaban a un joven de 16 años que se había matado en un accidente de motocicleta.
En el domicilio del ataque fue asesinado en mayo de 2016 un hombre llamado Eder Alejandro Umaña Umaña. En una tienda de abarrotes ubicada a un lado acribillaron en julio de 2019 al tío del joven que ahora estaban velando: Cristino Jiménez Gómez.
Otros familiares del difunto habían sido detenidos alguna vez por delitos contra la salud. De hecho, la pareja sentimental de una de sus hermanas es considerado hoy uno de los líderes más relevantes del penal de Atlacholoaya, según reportan autoridades estatales.
En el velorio del joven que se había matado a bordo de la moto, había al menos 100 personas. Los sicarios abrieron fuego sin distingos. Hicieron blanco sobre 22 personas, muchas de ellas inocentes. Ocho perdieron la vida, otras 14 resultaron heridas.
Esto sucedió unas horas después de que el presidente de México informara en su segundo informe de gobierno que en este país se habían acabado las masacres. Ocurrió en el estado a cuyo frente se encuentra un aliado del presidente López Obrador, el gobernador peor evaluado del país, el exfutbolista Cuauhtémoc Blanco.
Los asistentes al velorio se lanzaron a la acera. Los agresores “dispararon hasta que se quedaron sin balas”, según información recogida por EL UNIVERSAL.
El jueves 3 de septiembre, en la misma calle y en la misma colonia de la masacre, fue ejecutado el colombiano John Fredy Cataño Tobón, conocido –previsiblemente– como El Parcero. Acababa de bajar de un taxi Nissan Versa. Se dirigía a una estética a la que había apresado con el método de extorsión conocido como “gota a gota”.
Se le acercaron dos hombres en moto. Le dispararon al chofer, que antes de morir iba a tener una agonía de 30 horas, y también a él, que intentó huir. Le dieron un tiro en la cabeza.
Se supo más tarde que El Parcero era uno de los sicarios que tomó parte en la masacre de la Barona. Formaba parte de la estructura criminal de Francisco Javier Rodríguez Hernández, conocido como El XL o El Señorón (en abril pasado se relató sobre ese personaje en este mismo espacio http://eluni.mx/slvkta6mj), un aliado del Cártel Jalisco Nueva Generación que emergió con fuerza tras la detención de Santiago Mazari Miranda, El Carrete, líder Los Rojos, y quien hoy sostiene a una guerra que ha teñido de sangre las calles de la zona metropolitana de Cuernavaca contra un grupo asociado a la Familia Michoacana: Los Mayas, a cuya cabeza se encuentra Abel Maya.
El 5 de septiembre continuó el horror. Otro de los implicados en la masacre apareció en Jiutepec al amanecer de ese día. Los vecinos escucharon una ráfaga larga: más de cien disparos. Cuando la policía acudió encontró un cuerpo desmembrado y un mensaje que explicaba que la muerte había ocurrido por la participación de aquel hombre “en la masacre de la colonia Antonio Barona”.
Según el Diario de Morelos lo había sacado de su domicilio un comando que viajaba en unas 20 camionetas. A nadie pareció extrañarle que un convoy de esa naturaleza atravesara municipios y calles y colonias de Morelos. Nadie informó. Nadie preguntó. Nadie lo detuvo. Así son las cosas en el estado gobernado por el exfutbolista y aliado del presidente, Cuauhtémoc Blanco.
La víctima era integrante, también, de la célula criminal de El Señorón.
Masacres, ejecuciones, desmembramientos, y en el fondo: la guerra por la venta de “cristal” en un corredor que abarca la zona metropolitana.
Hoy leemos los testimonios de los padres de las víctimas inocentes de la masacre de Antonio Barona: muchos de ellos, jóvenes que simplemente habían acudido al sepelio de un vecino. Todas las armas empleadas esa noche habían tomado parte en otros hechos de violencia.
El padre de El Señorón fue policía municipal y estatal. El padre de El Maya fue policía de seguridad pública. La lucha entre los hijos es el retrato de un sistema de corrupción. El Señorón ha sido detenido tres veces, y tres veces ha sido dejado en libertado. La familia del Maya opera en Morelos desde los tiempos en que los reyes del estado eran Arturo Beltrán Leyva y La Barbie.
Hoy los dos están en guerra, mientras Morelos se hunde, el gobernador se hunde y el país también se hunde: en todos los estados de México es posible contar la misma historia.
Esta historia. 
Twitter: @hdemauleon
Correo: [email protected]
",,http://www.eluniversal.com.mx/opinion/hector-de-mauleon/la-masacre-de-la-barona
,,http://www.eluniversal.com.mx/autor-opinion/columnistas/carlos-loret-de-mola/historias-de-reportero
,,http://www.eluniversal.com.mx/autor-opinion/columnistas/salvador-garcia-soto/serpientes-y-escaleras
,,http://www.eluniversal.com.mx/edicion-impresa/periodicos/2020/09/10
"

Nos cuentan que tanto el gobierno mexicano como el laboratorio nacional Landsteiner Scientific fueron “madrugados” por Fondo Ruso de Inversión Directa, pues aunque era un secreto a voces a nivel gubernamental y privado que la firma farmacéutica buscó un convenio con los rusos para acceder a la vacuna contra el coronavirus que genera Covid-19, no tenían pensado divulgar dicha información.  En México, la Secretaría de Salud y la Secretaría de Relaciones Exteriores se aventaron la pelotita del tema una vez que se hizo público el tema del acuerdo privado para adquirir los 32 millones de dosis de vacunas para aplicarse entre los mexicanos. Fuentes de primer nivel aseguraron que el gobierno del presidente Andrés Manuel López Obrador sí sabía de esta operación realizada por iniciativa del laboratorio Landsteiner con Rusia para ser parte de la solución contra Covid-19. Lo importante, nos hacen ver, es que la información llega justo cuando el propio gobierno mexicano ha dicho que la vacuna no solo ayudará a salir de la crisis sanitaria, sino que de su existencia y eficacia depende el crecimiento de la economía mexicana, por lo que venga de Rusia, o de cualquier otra parte del mundo, será muy bienvenida.

Temen brote de Covid en la Cámara de Diputados


Las alertas se encendieron en la Cámara de Diputados esta semana. Nos cuentan que tres diputados panistas confirmaron que se contagiaron de Covid-19 entre el 31 de agosto y este 9 de septiembre: la secretaria de la Mesa, Michel González Márquez, y el vicepresidente, Xavier Azuara, así como Luis Mendoza, entre otros. Pero extraoficialmente se habla de que son más de 8 los legisladores contagiados y ya se han presentado casos positivos también en personal administrativo y de intendencia con el regreso a las sesiones ordinarias. Algunos nos recuerdan que el pasado 1 de septiembre no se guardó la sana distancia y otros se preguntan si no habría senadores contagiados por aquella sesión de Congreso General. Y apenas vamos iniciando septiembre.

¿Ahora sí aceptarán Zaldívar y Gertz la invitación de AMLO?


Nos comentan que luego de la plancha que le aventaron al presidente Andrés Manuel López Obrador, durante su Segundo Informe de Gobierno, todo indica que esta vez el presidente de la Suprema Corte de Justicia de la Nación, el ministro Arturo Zaldívar, y el fiscal general de la República, Alejandro Gertz Manero, sí aceptarán una nueva invitación del titular del Poder Ejecutivo a Palacio Nacional, aunque sea de manera virtual. Nos comentan que mañana a las 10 de la mañana, AMLO sostendrá una reunión con los familiares de los 43 normalistas de Ayotzinapa en el salón Tesorería. A esta reunión, nos detallan, están invitados a unirse en videoconferencia don Arturo y don Alejandro. Nos adelantan que en esta reunión se dará información relevante del caso, que está a punto de cumplir seis años, por lo que es casi un hecho que tanto el ministro presidente de la Corte, como el fiscal participen en la reunión. Cabe recordar que la vez pasada que no asistieron a una convocatoria presidencial, el Presidente López Obrador dijo que tuvieron la arrogancia de no acudir, aunque algunos hubiesen preferido que dijera que gozan de independencia.

Quiere la UIF recuperar 3 mil millones de la “Sosa Nostra”


Ayer, el titular de la Unidad de Inteligencia Financiera (UIF), Santiago Nieto, levantó discretamente la mano para recordarle a la Fiscalía General de la República (FGR) que tiene pendiente la judicialización de una denuncia que presentó por lavado de dinero en contra de Gerardo Sosa Castelán, presidente del patronato de la Universidad Autónoma del Estado de Hidalgo (UAEH). En un mensaje en Twitter, Nieto Castillo felicitó al fiscal Alejandro Gertz Manero por la detención de Sosa Castelán, quien ya fue vinculado a proceso por delincuencia organizada y lavado de dinero por 58 millones de pesos. Sin embargo, señaló que la UIF también denunció al presidente del patronato de la UAEH por lavado de dinero y otros delitos derivados de operaciones irregulares por 151 millones de dólares. Nos comentan que don Santiago tiene especial interés en que su denuncia sea judicializada por la FGR debido a que de este caso se calcula que es posible asegurar y recuperar más de tres mil millones de pesos.


Russia’s announcement took Mexico by surprise 






",,http://www.eluniversal.com.mx/opinion/periodistas-el-universal/madruguete-con-anuncio-de-la-vacuna-rusa
"
El día de ayer Bárbara de Regil compartió a través de las stories de Instagram algunos momentos que pasó con su hija Mar, en los que contó su alegría por las ventas de Loving It, la marca de proteína de la actriz. Y recomendó a sus seguidores “festejar todo lo que puedan pues es de buena suerte”.
Bárbara como siempre, lució muy trendy en sus historias, sin embargo hubo algo que no tardó en llamar la atención, y fue su melena rubia platinada.
Muchas veces hemos fantaseado con cambiar el color de nuestro pelo de una manera rápida y radical, pero sobre todo sin que nuestro cabello se maltrate. Para esos días donde quieres ser otra, hay un gran aliado del estilo que te lo permitirá: las pelucas.

Leer también: Bárbara de Regil y su gabardina Fendi son un acierto en los looks de entretiempo 
Estas son estos bonitos accesorios que pueden estar elaboradas con pelo natural o sintético. Hay de todas las tonalidades y largos. Además, nuestras celebrities favoritas y algunas beauty addicted han caído seducidas por el canto de las sirenas usando estas herramientas de belleza que permiten transformar la apariencia de alguien en cuestión de segundos. 
Pero, aunque las pelucas viven su regreso triunfal a los armarios de las más atrevidas, es un accesorio que con la mano en la cintura te puede restar puntos en tu look si no la usas bien. 
Nosotros en De Última amamos los looks de Bárbara de Regil, además, una de sus grandes acciones durante el aislamiento fue llevarnos las mejores rutinas de ejercicio para que no perdiéramos condición en esta cuarentena pero eso sí, con outfits deportivos deslumbrantes.
 



 


 

 



 




Ver esta publicación en Instagram


 



 

 

 



 

 



 

 

 




 

 


Una publicación compartida por Barbara De Regil (@barbaraderegil) el 15 de Jun de 2020 a las 12:03 PDT



Hemos notado que ella es fan de verse diferente, y no es una sorpresa que siendo una mujer que siempre está al último grito de la moda, use pelucas. En notas pasadas ya hablamos sobre su cambio de look que nos tomó por sorpresa, y sin duda el pelo rubio luce increíble en ella, pero en esta ocasión un pequeño error la colocó en el ojo del huracán. 
 



 


 

 



 




Ver esta publicación en Instagram


 



 

 

 



 

 



 

 

 




 

 


Una publicación compartida por Barbara De Regil (@barbaraderegil) el 9 de Ago de 2020 a las 12:57 PDT



En sus Instagram Stories, notamos una línea que no se debe de ver al usar una peluca, ya que esta es marca el borde del tejido donde se encuentra cocido la aplicación de pelo. Este paso en falso puede tirar la fantasía de un cambio de look. 
Foto: Captura de Pantalla Instagram Storie @barbaraderegil 
La situación con las pelucas es entendible, pues este error le puede pasar a todas y más si no la ajustas bien. Al no ponerla de forma correcta se puede mover y la línea que separa tu frente de la melena puede empezar a notarse más. 
Foto: Captura de Pantalla Instagram Storie @barbaraderegil  
Este accesorio es de lo más truculento, pero si quieres sumarte a esta tendencia así como ya lo han hecho celebrities como Kim Kardashian, Kylie Jenner y Gwen Stefani toma nota de estos consejos. 
Si quieres un acabado real, debes invertir algo de dinero en este accesorio, además de darle un mantenimiento. Pues se puede enredar así que debes de peinarla. 
Deben tener una malla en la parte interior. Esta hace que sean más fáciles de peinar y de ajustar, además permiten que tu cuero cabelludo respire mientras usas este accesorio
Prepara tu piel: limpia correctamente con un algodón la zona donde tienes el nacimiento del cabello. Esto permitirá que el pegamento se adhiera de forma correcta. 
Recoge tu melena para que no quede al aire cuando uses la peluca, te recomendamos coletas bajas si tu melena es algo larga y las trenzas desde la raíz si es midi o corta y no olvides usa pasadores para que no se mueva cuando la termines de poner. 
Deja cuatro dedos de diferencia cuando la vayas a colocar y al momento de cuadrar la peluca hazlo con cuidado para que no quede chueca. Toma nota de la terminación de la raíz de este accesorio para que se pueda ver de lo más natural posible. 
",,https://www.eluniversal.com.mx/de-ultima/barbara-de-regil-se-transforma-en-rubia-para-celebrar-con-su-hija
"

El país se encuentra sumido en una crisis sanitaria que ha cobrado hasta la fecha cerca de 70 mil vidas, aunque diversas instituciones sostienen que la cifra real rebasa los 120 mil muertos. Detrás de cada muerte hay una familia que vive una tragedia, la ausencia definitiva de alguien que no debía morir.

El Covid-19 y el manejo gubernamental de la pandemia han tenido desastrosos efectos sobre la economía, una caída sin precedentes con el cierre, en muchos casos definitivo, de cientos de miles de negocios, el desempleo de millones y su tránsito a la pobreza. Mientras tanto, la crisis de seguridad mantiene a la sociedad en vilo.

Y en ese escenario de crisis económica, sanitaria y delictiva, frente a las expresiones de coraje y hartazgo de muchos mexicanos, persiste un sólido respaldo al presidente de alrededor del 57%. ¿Qué parece explicarlo?

En primer lugar está un fenómeno colectivo de explicación freudiana: el “enamoramiento” de las masas con el líder. Una sociedad que venía de muchos años de esperanzas frustradas, esperaban la llegada de un redentor y ese redentor es Andrés Manuel.

La contraparte de ese “enamoramiento” es el discurso presidencial. Cada día, con cualquier pretexto, López Obrador repite las mismas frases: “el pueblo es sabio y bueno”, “es tonto el que cree que el pueblo es tonto”, “el pueblo es trabajador y honesto, es responsable”… Y propone una “democracia participativa” en la que el pueblo —en realidad una parte minúscula del pueblo, a veces apenas el 1 por ciento— decide, por ejemplo, si se cancela el proyecto del nuevo aeropuerto de la Ciudad de México o si se debe juzgar o no a los expresidentes. Algo tan simple como la aplicación de la ley queda sometido a una consulta para hacer una pregunta inconstitucional.

El “enamoramiento” genera un blindaje al que nada penetra; sus seguidores necesitan creer y por eso compran todos los argumentos que expone día con día el presidente, que niegan la realidad y perfilan una realidad alterna.

El número de muertos por la pandemia se explica, entonces, según el discurso presidencial, no por una intervención tardía, con señales contradictorias, sino por el estado desastroso con el que recibieron las instituciones de salud; por la lamentable cultura alimenticia que impuso el neoliberalismo, rica en azúcares y grasas y, en consecuencia, con sus efectos en la obesidad y la diabetes (aunque no pueda aplicarse la misma explicación al brutal número de muertes de personal médico).

También contribuye a explicar la aprobación al presidente el factor “esperanza”. En tiempos difíciles, el discurso presidencial ofrece al pueblo llevarlo a La Tierra Prometida, un mundo de bienestar y felicidad y dos años son pocos para cumplir el sueño, sus seguidores saben que hay que darle tiempo sin regatearle los apoyos.
Presidente GCI. @alfonsozarate

 
",,http://www.eluniversal.com.mx/opinion/alfonso-zarate/el-misterio-de-la-popularidad-del-presidente-i
"
En el torneo de los bandazos, de la irregularidad y de la escasa ambición de los equipos, hay decepciones puntuales, tanto en el campo, como fuera. Entrenadores “perfectos” que no encuentran en ellos a los responsables de malos funcionamientos. Miguel Herrera, José Manuel de la Torre y Antonio Mohamed son los ejemplos más significativos.
El entrenador del América no explica nunca por qué alineó a ocho futbolistas de condiciones defensivas en contra de San Luis, Mazatlán y Puebla, porque desperdició tres primeros tiempos, pero sí destaca que en la cancha del Puebla jugó bien, como si nadie hubiera visto el primer lapso, que fue francamente pobre. Según el Piojo, no ve redes sociales, y por eso no le afecta el #FueraPiojo; entonces, por qué será que sabe de quienes lo han criticado precisamente por eso, por tener tanto miedo a perder contra rivales de escasa calidad. 
Mohamed es un caso sistemático de lo que pasa. Un equipo que no se entiende en el campo, que sus futbolistas no están en el nivel que corresponde a su precio y sin ideas desde el banquillo. Cobardemente, al terminar el duelo contra Atlas, donde en casa terminaron empatados jugando un pésimo partido, el entrenador culpa a los futbolistas; claro, de manera genérica, porque no tuvo ni el valor de particularizar. Por cierto, el técnico es quien pone a dos puntas como Funes Mori y Janssen, quien diseña los partidos y la estrategia, y quien debe sacar lo mejor de cada uno de sus futbolistas. Pretextos que hunden a un entrenador que ya caducó en Monterrey, porque parece solamente defender su contrato, no su futbol.
 

 

José Manuel de la Torre igualmente lo hizo. Hace unos días culpó a los futbolistas; claro que él no está equivocado, porque para liquidarlo deben pagarle todo el contrato y esa fue una audaz jugada del Chepo. Así que, si se equivoca, la única que pagaría sería la directiva del Toluca; obviamente, también la afición del equipo escarlata, que hoy es una caricatura en el campeonato.
Víctor Vucetich, contrario a esto, señala con nombre y apellido. Para el siguiente partido, Macías no cobrará los penaltis y en la portería veremos seguramente a Raúl Gudiño, en lugar de Toño Rodríguez. A Vucetich, si falla lo echan; a un futbolista, si falla lo sientan. Esa es la gran diferencia.
El mundo de lo pretextos desde las conferencias de prensa virtuales es la nueva moda en el futbol mexicano. Tal vez por esa poca facilidad que tienen los reporteros en preguntar a la distancia, por no poder replicar una respuesta. Hoy, más que nunca, la comodidad de las conferencias de prensa es evidente, con preguntas controladas, con “amigos” de la institución del otro lado del zoom. Pero todo eso no evita que los aficionados vean los partidos y se den cuenta que muchos, pero muchos de ellos, solamente están poniendo pretextos, cuidando su chamba y su imagen; su dinero, pues.
",,http://www.eluniversal.com.mx/opinion/gerardo-velazquez-de-leon/el-zoom-el-mejor-defensor-de-los-entrenadores
"

Leo en la primera plana del Washington Post que poco antes de ser asesinado, el periodista Jamal Khashoggi, un duro crítico del casi poder absoluto de la corona en su natal Arabia Saudita, detectó un cambio drástico en los comentarios que recibía por su trabajo:

“Las habituales críticas a sus artículos en las redes sociales árabes se volvieron mensajes ásperos, personales, incluso amenazantes. Saudís influyentes lo injuriaban en Twitter llamándolo ‘extremista’, ‘criminal’ y ‘burro’, ataques que eran instantáneamente repetidos y amplificados por montones de otras cuentas de Twitter, algunas de ellas vinculadas a funcionarios saudís.

“Diez meses después, Khashoggi estaba muerto, su cuerpo destazado por agentes saudís que le tendieron una trampa para atraerlo al consulado saudí en Estambul, presuntamente por ordenes del príncipe Mohammed bin Salman, el poderoso heredero de la corona”, relata el reportaje de Joby Warrick.

¿Entonces no pesan las palabras? ¿Entonces a las palabras no se las lleva el viento?

No puedo dejar de pensar que en México desde el púlpito del hombre más poderoso del país, el presidente Andrés Manuel López Obrador, el tono de los ataques que recibe cualquier periodista crítico empatan con los que recibía Khashoggi antes de su muerte. Se sueltan injurias y adjetivos sin pensar en consecuencias. Los dice el presidente. Los replican sus funcionarios del gabinete, sus legisladores, sus partidarios. Los reproducen sus voceros formales e informales. Criminal, le decían por Twitter a Khashoggi. Sicario, dicen aquí. Y el mismo modus operandi: en el acto, hordas de cuentas de Twitter repiten y amplifican el mensaje.

No voy a dejar de levantar las alertas ni voy a dejar de decirlo: en un país con los niveles de violencia e impunidad que tiene México, la violencia verbal se convierte fácilmente en violencia física. Por ello, el presidente López Obrador es una amenaza a la libertad de expresión. Lo han denunciado todas las organizaciones que buscan defender este derecho. El presidente de México es una vergüenza internacional cuando se trata de respeto a la crítica, una referencia mundial de lo que no debe hacerse.

El presidente de México tiene un concepto peculiar del poder. Cree que es legítimo usarlo para destruir a quienes no piensan como él y echa mano abiertamente de los recursos e instrumentos del gobierno y del Estado para ello. Al mismo tiempo se dice demócrata y tolerante. No es lo uno ni lo otro. Y no es nuevo, es fácil documentar sus dichos y sus actos en contra de ciudadanos y periodistas que lo critican o publican información que no se ajusta a su muy particular visión de la realidad, durante toda su carrera política.

Sus propagandistas oficiales y oficiosos se hacen eco de las injurias, amenazas e intimidaciones. La estructura de comunicación que ha construido no es la de un gobierno demócrata sino un aparato oficial de propaganda, una maquinaria diseñada para restringir la libertad de expresión que se parece más a los de regímenes iliberales como los que se han consolidado en años recientes en el mundo o a los de sistemas francamente autocráticos. Sí, como el de Arabia Saudita.

[email protected]
",,http://www.eluniversal.com.mx/opinion/carlos-loret-de-mola/primero-lo-insultaron-en-twitter-luego-lo-descuartizaron
,,http://www.eluniversal.com.mx/gerardo-velazquez-de-leon/el-fondo-del-meollo
,,http://www.eluniversal.com.mx/autor-opinion/columnistas/carlos-alazraki/las-cartas-de-alazraki
"
La Comisión Europea (UE) advirtió este jueves que no dudará en recurrir a acciones legales contra el controvertido proyecto de ley británico que revisa parcialmente los compromisos adoptados en el marco del Brexit.
En un comunicado, el vicepresidente de la Comisión, Maros Sefcovic, recordó que el Acuerdo de Retirada ""contiene mecanismos y remedios legales para tratar violaciones a las obligaciones (...), que la Unión Europea no dudará en utilizar"".
El funcionario apuntó que ese proyecto de ley ""ha dañado seriamente la confianza"" entre las partes y que ""ahora cabe al gobierno británico restablecer esa confianza"".
Por ello formuló un llamado a Londres para que ""retire esas medidas del proyecto de ley lo antes posible, y en cualquier caso antes del fin de mes"".
""La UE no acepta el argumento de que la intención del proyecto de ley es proteger el Acuerdo de Viernes Santo. De hecho, considera que hace lo opuesto"", reza la nota de la Comisión Europea. 
En la opinión de Sefcovic, en caso de que la ley sea aprobada tal como está propuesta ""constituiría una violación extremadamente grave del Acuerdo de Retirada y de la ley internacional"". 
Sefcovic se reunió este jueves en Londres con el influyente ministro del Gabinete, Michael Gove, para discutir de urgencia esta cuestión. 
En la víspera, la AFP tuvo acceso a un borrador preparado por diplomáticos europeos en Bruselas donde se consideraba la posibilidad de una acción legal contra Londres por el controvertido proyecto de ley. 
""Una vez que se adopte el proyecto de ley (como está propuesto), la Comisión puede iniciar un procedimiento de infracción contra el Reino Unido por incumplimiento de las obligaciones de buena fe"", expresa el documento. 
grg 
 
",,https://www.eluniversal.com.mx/mundo/ue-amenaza-con-acciones-legales-al-reino-unido-por-ley-sobre-el-brexit
,,http://www.eluniversal.com.mx/autor-opinion/articulistas/alfonso-zarate
"

“Dictadura: sistema de gobierno en el que lo que no está prohibido es obligatorio”.
 Enrique Jardiel Poncela.
López Obrador considera que toda crítica a su gestión es un ataque que nace de la conspiración contra su transformación. El presidente es intolerante al espejo, se autoproclama el más atacado por la prensa desde Francisco I. Madero, aunque, más bien, parece ser al revés, como si fuese el presidente que más ha atacado a la prensa y al libre pensamiento.
El presidente cuenta con un buen ejército de periodistas zalameros y aduladores en varios medios de comunicación, algunos incluso, habrá que reconocerlo, con gran solvencia intelectual y otros, francamente, irrisorios al grado de caricatura, además habría que sumar los millones de bots en redes sociales que son financiados con recursos oscuros para intimidar a los críticos de la 4T e intentar imponer una sola agenda en la conversación digital.
López Obrador impulsa una agenda peligrosa para cualquier democracia, apuesta, como sus colegas populistas en el mundo, por la imposición de un pensamiento único, por la homogeneización de la narrativa, porque la única “verdad verdadera” sea la que dicta su imaginación. Suena muy peligroso, pero al final, cuando nos demos cuenta del abismo en el que caímos, el presidente perderá.
Allá por mediados del siglo pasado esa fue la esencia del amasio entre la prensa y el gobierno, los columnistas se peleaban por la lisonja más dulce, por una lamida de suelas cada vez más creativa, más rebuscada y más arrastrada…
Sí, por aquellos días eso funcionaba frente a una sociedad tan inocente como ignorante y frente a un mundo tan desconectado entre sí que permitía a las naciones sumirse en los conflictos de su ombligo sin mirar al otro, ignorando al mundo por lo redondo.
Ni la actualidad ni el futuro pintan de ese modo, el mosaico de opiniones e ideologías es asfixiante, incalculable y sumamente complejo.
Asumir que la vida social y política en el globo, y en el país, es maniquea, que solo existe, a rajatabla, la derecha o la izquierda, el blanco o el negro, los buenos o los malos, termina traduciéndose en una frustración generalizada, en una rabia contenida que puede explotar en formas peligrosas para una nación y que, siempre, nos llevará a la estúpida manía de querer imponer un pasado que murió en un presente que no dejamos nacer.
El presidente es un ejemplo de la compleja diversidad ideológica que hoy vivimos: es un hombre conservador al extremo de la religiosidad, lo que podría hacerlo parecerse más a un político de derecha, incluso ultra neoliberal dadas sus políticas que ahogan el gasto público al grado de la paralización, pero al mismo tiempo es un hombre que aborrece el mercantilismo, que quiere sancionar libertades económicas en el alarmante roce de la expropiación, lo que, también, podría colocarlo en las ultraizquierdas… El presidente es, al final, un populista.
Y los populistas quieren imponer su única visión sin importar que ésta tenga tintes de derechas y de izquierdas al mismo tiempo, porque los populistas no creen en la democracia, ni en una ideología ajena a la suya en todos los sentidos, creen en un sistema autoritario, ellos creen y quieren una especie de nueva monarquía, son los nuevos emperadores.
Algunas sociedades terminan por aceptar muy bien al populista, máxime cuando éste les garantiza, en la realidad y no en el mundo de las ilusiones, bonanzas económicas, seguridad y una sensación plena de progreso social.
Ese no es nuestro caso, por eso creo que este experimento populista mexicano terminará en un fracaso monumental que pagaremos caro.
Aunque, ¿AMLO será el último populista mexicano?, vaya que siempre podremos estar peor.
Y sí, también, siempre podremos estar mejor. Al final, depende más de nosotros reflexionar en quién confiaremos nuestro voto.

De Colofón

La toma de la CNDH parte de una lucha legítima, sí, pero esperemos que el movimiento no termine degradándose en el fortalecimiento de los radicales okupas mexicanos y seamos testigos de las tomas de edificios públicos por justicia del pueblo.
@LuisCardenasMX
",,http://www.eluniversal.com.mx/opinion/luis-cardenas/el-populista
"
Los Chiefs inauguran esta noche la temporada 2020 de la NFL y abren sus puertas a sus aficionados.
Kansas City, campeón defensor del Super Bowl, acogerá a 16 mil 46 fanáticos en las gradas del Arrowhead Stadium, para la celebración de la inauguración de la campaña.
De las tres ligas de deportes profesionales más populares en Estados Unidos, sólo la NFL dejó a sus equipos generar sus propias medidas sanitarias, mientras que la NBA concentró a las franquicias en una burbuja en Orlando y MLB ha disputado todos sus juegos sin público en las gradas.
PUEDES VER: ¡Regresa la NFL! Todo lo que debes saber de la temporada
Mark Donovan, presidente de los Chiefs, comentó que los televidentes prestarán especial atención a los fanáticos, ya que el equipo es uno de los pocos equipos selectos que permite al menos algunos fanáticos en su primer partido en casa.
""Tenemos una oportunidad frente a nosotros para mostrarle al mundo que podemos hacer esto con éxito y que podemos tener eventos como este"", dijo el ejecutivo.
El mes pasado, los campeones de la NFL anunciaron un conjunto de protocolos de sanidad tanto dentro del Arrowhead Stadium como en los estacionamientos para mantener a todos a salvo del Covid-19. Donovan añadió que el plan del equipo es integral y está diseñado para mantener seguros a los jugadores, fanáticos, entrenadores, árbitros y trabajadores, pero también intenta hacerlo “en un entorno que aún tiene la energía que se merece”.

Los Chiefs ya tuvieron una práctica, durante un entrenamiento de pretemporada dentro del recinto, en el cual aficionados portaron cubrebocas de manera obligatoria, se les midió la temperatura al ingreso del inmueble y guardaron un distanciamiento social; sin embargo, las tiendas y servicios estuvieron abiertos y lo estarán hoy también, para comprar bebidas y alimentos.
Los Jaguars, que reciben a Indianapolis este domingo, es la otra franquicia que abrirá su estadio durante el fin de semana, con el acceso a 16 mil seguidores. Franquicias como Cowboys, Colts, Dolphins y Browns harán lo propios hasta la siguiente jornada, cuando sean locales.
",,https://www.eluniversal.com.mx/universal-deportes/futbol-americano/nfl-chiefs-recibiran-16-mil-aficionados-en-regreso-de-temporada
,,http://www.eluniversal.com.mx/autor-opinion/columnistas/periodistas-el-universal/bajo-reserva
"
Leer en español
Crime reporter Julio Valdivia was murdered and decapitated in Veracruz. The newspaper he worked for reported the news on Wednesday. 
The newspaper “El Mundo,” based in Córdoba, said the body of reporter Julio Valdivia was found near his motorcycle on railroad tracks in the town of Tezonapa, Veracruz. 
Valdivia, who covered a rural zone near the border with Oaxaca state that has long been plagued by gang violence, was at least the sixth journalist to be killed in Mexico this year.
The Committee to Protect Journalists condemned the “terrible events” and issued an “urgent call” for authorities to identify those responsible.
Recommended: Gunmen killed journalist Pablo Morrugares and his bodyguard in Guerrero
In August, an independent journalist died in police custody in a Mexican border city. Juan Nelcio Espinoza had been arrested while covering a confrontation in the city of Piedras Negras, across from Eagle Pass, Texas.
Espinoza was reporting for his web page “El Valedor TV,” and was taken by police to a hospital, where he was pronounced dead.
Authorities in Coahuila told local media that Espinoza and another man were arrested after engaging in a confrontation with police and that Espinoza choked to death.
More than 140 journalists have been killed in Mexico over the past 20 years.

President López Obrador demands an investigation
After news of the brutal murder broke, President Andrés Manuel López Obrador demanded an investigation and a sanction for those behind the crime. The Mexican President added his administration must find those who murdered the journalist. 
“I’ve been to Tezonapa and I know the importance of El Mundo de Córdova, how heroic it is to be a journalist in that region, as well as in other regions. This is why there has to be an investigation and punish those responsible,” López Obrador said.
Recommended: Mexican authorities sentence gang leader to 50 years in prison for his involvement in the murder of journalist Miroslava Breach

A dangerous country for journalists
In August 2019, EL UNIVERSAL reported that more journalists were being murdered in Mexico than in Afghanistan.
 
Throughout 2019, criminals murdered 25 journalists from different countries. Unfortunately, a third of the victims were killed in Mexico.
 
It is a disgrace that Mexico, a country that is not officially going through armed conflict, tripled the number of journalists killed in Afghanistan. In contrast, the Asian country registered the death of three journalists amid civil war and while it is under the yoke of Al-Qaeda, ISIS, and the Taliban. Pakistan and Somalia are in third place after registering 2 dead journalists.
 
Mexico became “the deadliest country to be a journalist” and also plunged into the 140th place, among 180, in the World Press Freedom Index.
 
gm
 
",,https://www.eluniversal.com.mx/english/crime-reporter-julio-valdivia-found-decapitated-veracruz
"
Hace unos días el presidente Andrés Manuel López Obrador dejó ver, en una reunión con sus colaboradores, el enojo y desprecio que siente por el gobernador de Chihuahua, Javier Corral. Cuando alguien mencionó el nombre del mandatario panista, la reacción fue automática: “Ese es un vulgar traidor y mentiroso”, dijo el Presidente. La razón de la molestia presidencial tiene que ver con el conflicto por el agua de las presas federales ubicadas en territorio chihuahuense, que ha escalado en las últimas horas y con la percepción que tienen en Palacio Nacional de que Corral “está azuzando a los campesinos” del Distrito de Riego 05 en Camargo y Delicias, que el martes pasado burlaron y expulsa ron a la Guardia Nacional y tomaron el control de la Presa “La Boquilla”, expulsando también al personal de la Comisión Nacional del Agua.
La animadversión entre López Obrador y Corral no es nueva y data de hace varios años. El presidente acusa que Corral coqueteaba con la izquierda pero siempre terminó traicionándola por sus filias panistas. En la campaña del 2018 se enfrentaron en varias ocasiones y ya como presidente, aunque han mantenido una relación cortés, en el gobierno federal se quejan de que el mandatario chihuahuense no ha correspondido al apoyo que se le ha dado en temas como la captura y solicitud de extradición del exgobernador César Duarte, su antecesor acusado de corrupción.
Hoy esa mala relación política se mezcla con un conflicto que está tomando proporciones preocupantes ante la actitud desafiante de los campesinos que acusan al gobierno de López Obrador y a la Conagua de estarles quitando el agua de las presas “El Granero” y “Las Vírgenes” y de querer vaciar también el agua de “La Boquilla” para cumplir con un pago de un adeudo del Tratado de Aguas entre México y Estados Unidos que data de 1944. A los ánimos caldeados de los aguerridos agricultores chihuahuenses, el gobierno federal ha respondido con el envío de la Guardia Nacional que mantenía vigilada y cercada desde hace varias semanas las instalaciones de “La Boquilla”, en donde ya había habido un par de enfrentamientos con gases lacrimógenos antes de la toma de la instalación federal el pasado martes.
La acción en la que cientos de campesinos rebasaron a la Guardia Nacional y se apoderaron de los cuartos de control de la Presa para cerrar las compuertas y evitar el trasvase de agua, terminó con la expulsión y humillación de los elementos del cuerpo de seguridad federal que, para evitar una confrontación, abandonaron el lugar en medio de gritos, burlas y acusaciones de los agricultores que celebraban como un triunfo haber obligado al retiro de los elementos federales. Pero en su retirada, según la versión de testigos y que ayer denunció en un video el gobernador Javier Corral, varios integrantes de la Guardia Nacional abrieron fuego contra un matrimonio de productores que también se retiraba de “La Boquilla”, causando la muerte a balazos de una mujer y dejando gravemente herido al hombre. Según Corral, la pareja fue atacada por la espalda, mientras que el reporte oficial de la Guardia habló de “un enfrentamiento a balazos” con presuntos atacantes.
Ayer el choque entre la Federación y Chihuahua también escaló por estos hechos. De un lado López Obrador acusó en la conferencia mañanera que “hay intereses políticos y electorales” en el conflicto de los agricultores y negó que su gobierno esté quitándoles el agua para sus cultivos  y por el contrario acusó que hay corrupción en el manejo del agua en el Distrito de Riego 05, donde habló de un “huachicoleo del agua” que se está investigando. Incluso, el Presidente le pidió a la Fiscalía General de la República que inicie una investigación para determinar las responsabilidades que se cometieron al tomar por asalto instalaciones federales en la citada presa lo que constituye, dijo, un delito federal. También por la tarde, el subsecretario de Seguridad federal, Ricardo Mejía, advirtió que “las presas son instalaciones estratégicas del Estado y no se permitirá la violencia ni su politización”.
Por la tarde, Javier Corral contraatacó con el anuncio de una investigación a la Guardia Nacional desde la Fiscalía de Justicia de Chihuahua por el caso de la mujer chihuahuense y su esposo que fueron atacados a balazos por miembros del cuerpo federal. El gobernador solicitó a la Fiscalía General de la República que colabore y atraiga la investigación de lo sucedido en la agresión a balazos que, de acuerdo con testigos, le costó la vida a la mujer y dejó gravemente herido a su esposo. “Vamos a poner todo el empeño de las instituciones para que se haga justicia”, dijo el panista, mientras el fiscal General de Chihuahua, César Peniche, mandaba oficios para pedir al gobierno federal que le permita el acceso y el aseguramiento de las armas con la que los guardias nacionales dispararon contra la pareja de productores chihuahuenses.
Veremos en qué termina este conflicto en el que, por lo pronto, los agricultores chihuahuenses mantienen el control de una presa federal y amenazan con no permitir el regreso de las autoridades federales, mientras acusan al gobierno de López Obrador de “robarles el agua a los chihuahuenses” y de atentar en contra del sustento de sus familias al pretender quitarles el agua para sus cultivos. El gobierno federal, donde por cierto la directora de la Conagua, Blanca Jiménez Cisneros, ha brillado por su incapacidad para operar y resolver el conflicto, insiste en que el agua es propiedad nacional y que en ningún momento está poniendo en riesgo los volúmenes de riego para los campesinos de Delicias y Camargo.
Y detrás del conflicto hídrico de Chihuahua, en el que literalmente las aguas amenazan con desbordarse en un estado de profundas raíces revolucionarias y cuyos productores advierten que no se van a dejar robar el agua que le quieren mandar a Estados Unidos, aparece el conflicto político en el que a la añeja animadversión entre Andrés Manuel López Obrador y Javier Corral, que nunca se han querido, se suman también las aspiraciones futuristas de Corral a las que en Palacio Nacional se refieren como “sueños guajiros” del panista por la candidatura presidencial en el 2024.

NOTAS INDISCRETAS…

El secretario de Hacienda, Arturo Herrera, se veía ayer miércoles contento con la forma en que, en términos generales, fue recibido el proyecto de Presupuesto 2021. En medio de la que él mismo llamó “la peor crisis que hayamos enfrentado después de la Gran Depresión”, a la propuesta de Herrera no le fue tan mal, en términos de las críticas y el balance de los analistas, que si bien cuestionaron la falta de medidas contracíclicas para promover la recuperación económica y el desbordado optimismo en las cifras de caída y crecimiento del PIB para 2020 y 2021, en términos generales consideraron al presupuesto como equilibrado y racional. Las calificadoras internacionales solo cuestionaron la falta de apoyos fiscales para la recuperación, aunque también en general avalaron el documento de Hacienda como una señal responsable para el manejo de las finanzas federales. Ante las críticas del optimismo excesivo, Herrera comentaba ayer en su despacho que “los analistas me acusan de optimista y el Presidente de pesimista, entonces no estamos tan mal”. Y en cuanto a la falta de medidas para promover la recuperación, aseguró que el aumento al gasto de infraestructura y la apuesta a proyectos prioritarios de la 4T y del presidente López Obrador, tienen como objetivo, precisamente, apostar a la generación de empleos y crecimiento. En fin, que Herrera está tranquilo y no espera grandes sorpresas en el análisis y dictaminación de la Cámara de Diputados, donde la mayoría de Morena le garantiza la aprobación sin contratiempos ni sobresaltos… A propósito del Presupuesto, sobre el dato de que el 16% de los recursos federales para el 2021 se destinarán al pago de pensiones del gobierno federal, ayer el presidente López Obrador firmó una iniciativa de Reforma al Sistema de Pensiones gubernamentales, con lo que su gobierno pretende disminuir la excesiva carga fiscal de las pensiones y hacer frente a un problema que han “pateado” los anteriores gobiernos. La iniciativa será enviada al Congreso y tendrá que ser negociada y operada con los poderosos sindicatos del gobierno. Veremos las reacciones y lo que propone el gobierno lopezobradorista para resolver uno de los más graves problemas financieros para el país: el oneroso sistema pensionario…Dados girando. Escalera doble.
[email protected]
",,http://www.eluniversal.com.mx/opinion/salvador-garcia-soto/el-doble-conflicto-de-chihuahua
"
Las sospechas de corrupción y tráfico de influencias en la Secretaría de Comunicaciones y Transportes (SCT) del gobierno de la Cuarta Transformación se superan unas a otras, principalmente en la Subsecretaría de Infraestructura a cargo de Cedric Escalante Sauri, como se ha reportado en este espacio.
La semana pasada informamos que el subsecretario tiene tratos e influencia en todos los centros estatales de la SCT donde se despachan contratos de obra pública a un selecto grupo de empresas.
Otro personaje del que no se había hablado, pero que acompaña a Escalante Sauri desde hace muchos años en sus negocios es Francisco Raúl Chavoya Cárdenas, actual director general de Carreteras en la SCT.
Desde ese puesto, Chavoya Cárdenas cuenta con todo el respaldo de su jefe y amigo a la hora de recomendar a empresas ‘amigas’ para convertirlas en las elegidas para desarrollar diversas obras, de acuerdo con una decena de contratistas y funcionarios en activo de la dependencia.
El director de Carreteras pasó 11 años como gerente general en Consultores y Constructores Escalante S.A. de C.V., del ahora subsecretario Escalante, firma que ganó por lo menos 436 millones de pesos vía contratos con la SCT durante los sexenios de Felipe Calderón y Enrique Peña Nieto.
Chavoya Cárdenas se desempeñó como jefe de la Unidad General de Servicios Técnicos en el Centro SCT Guerrero de 1983 a 1992, y como coordinador en la Dirección General de Carreteras de 2002 a 2007.
En junio de 2007 dejó el sector público para asumir la gerencia general en la compañía de Escalante Sauri, mediante la cual obtuvieron cerca de 30 contratos públicos. Renunció en noviembre de 2018 para integrarse al gobierno de la Cuarta Transformación.
Al igual que Cédric Escalante y el flamante titular de la SCT, Jorge Arganis, son viejos conocidos del sector de infraestructura, tanto en la parte privada como en la función pública.
Cedric Escalante ingresó a la administración pública en 1983 en el sexenio de Miguel de la Madrid, cuando asumió la dirección del Centro SCT Tabasco, el mismo año en el que Andrés Manuel López Obrador fue nombrado presidente del Comité Directivo Estatal del Partido Revolucionario Institucional en dicha entidad.
Durante sus 24 años al interior de la dependencia, el actual subsecretario de Infraestructura conoció las operaciones de las áreas técnicas, de supervisión y de adquisiciones, con lo que pudo comenzar con el “pie derecho” su carrera como empresario, pues a pesar de que la Ley Federal de Responsabilidades Administrativas establecía que debía pasar un año antes de trabajar en una empresa relacionada con su cargo anterior, constituyó la compañía 49 días antes de abandonar las filas de la SCT, en febrero de 2007.
En octubre de ese mismo año, Consultores y Constructores Escalante S.A. de C.V había obtenido el primero de sus convenios con la Dirección General de Conservación de Carreteras de la SCT por 704 mil pesos.
El actual subsecretario de Infraestructura ha sido denunciado por el diputado potosino Ricardo del Sol, quien lo acusa de poseer una red de testaferros y prestanombres que realizan simulaciones en la asignación de contratos.
Unos de estos tienen que ver con su amigo Marcos Salas, un expanista expulsado de las filas de la CMIC y quien está al frente de la confederación veracruzana.
Las obras en Veracruz que la subsecretaría a cargo de Cédric Escalante ha concedido al Grupo Constructor Empresarial Taurus, cuyo apoderado legal es Marcos Salas, sumaron más de 20 millones de pesos en 2018. El 21 de mayo pasado se vio beneficiado por la adjudicación de un proyecto para reconstrucción y obras en el camino Almolonga–Tepetates–Tepetlán, con un valor de 12 millones 620 mil pesos.
 @MarioMal[email protected]
",,http://www.eluniversal.com.mx/opinion/mario-maldonado/subsecretario-lleva-directivo-de-su-empresa-sct
"
Estimados Fanáticos Morenenses: Les juro que no les puedo creer. No puedo creer el fanatismo que le tienen al Gran Jefe. La reverencia que le hacen al presidente cada vez que les habla. Le creen ¡TODO! No importa si les miente, les toma el pelo o les dice la verdad. Ustedes…. le creen TODO.
Les juro que nunca en mi vida había experimentado esa sensación de ingenuidad. Pero en fin, allá ustedes y sus creencias.
El motivo de mi Carta Semanal es para demostrarles un poco la estrategia de nuestro gran líder, su gabinete y la nefasta 4T que planearon desde el primer día que ganó la elección:
Hablemos primero de su estrategia: Muy fácil.
1.- Él y su gabinete nunca tendrán la culpa de nada. ¡NUNCA!
2.- La culpa SIEMPRE la tendrán los OTROS. ¿Cuáles otros? Los que quieran. Desde Peña Nieto hasta Brozo. Desde la pandemia hasta lo que se les ocurra pasando por Calderón, Peña Nieto etc.
3.- Cuando las cosas vayan mal, inventen historias para desviar la atención. Ya saben, la venta de boletos de la rifa del avión sin avión va increíble, los niños con cáncer sí tienen medicinas, los muertos por la pandemia son culpa de los refrescos y los productos chatarras no del inepto de López-Gatell, ya salimos de la pandemia aunque según estudios llevemos más de 130 mil muertos, nuestra economía va súper, no se han perdido empleos, somos mejor que Curazao y Belize etc., etc. 
¡¡NUNCA TOQUEN EL TEMA!! Y si lo tocan es para decirle al “pueblo bueno” que todo está ¡¡IN-CRE-Í-BLE!!
4.- INVENTEN ENEMIGOS. Eso siempre funciona de pelos.
5.- INVÉNTENLE TÍTULOS A SUS ENEMIGOS. Ya saben, adversarios, neoliberales, empresarios, medios de comunicación enemigos, etc., etc. Eso también funciona muy bien.
6.- También, INVENTEN CÓMPLICES como: El “Pueblo Bueno” “El Pueblo Sabio”, etc.etc. Esos ápodos son ¡PER-FEC-TOS!
7.- Y por último: ¡REPITAN Y REPITAN LO MISMO MIL VECES! Échenle la culpa a quienes quieran y desmárquense de la jugada. Acuérdense que PERCEPCIÓN SIEMPRE SUPERA A LA REALIDAD.
Queridos fanáticos Morenenses. Esta es la NETA DE LAS NETAS. Ahora les voy a dar un pequeño resumen de la realidad en nuestro país. Y con todo respeto, me vale madres si me creen o no.
Corrupción.- El gobierno de AMLO ya SUPERÓ al de Peña Nieto. Según la Organización Mundial de Comercio (WTO), México pasó del 14avo lugar mundial al SÉPTIMO. Su gabinete es igual o más corrupto que el de Peña. Desde los familiares y amigos del presidente, hasta los compadres de los miembros del gabinete o los colaboradores de su mismo gabinete.
Salud.- Estamos en un estado LAMENTABLE. Desde el INEPTO y GRILLO de López-Gatell hasta el Insabi, que es una basura y que no sirve para nada. Y sí, es verdad. Los niños con cáncer NO TIENEN MEDICINAS.
Empleo.- Por culpa de López Obrador, tenemos más de 10 millones de desempleados. Y desgraciadamente…. Vamos a seguir por ese camino de quiebras de pequeñas empresas y mayor desempleo. 
Seguridad.- 70 mil muertos este semestre. Otro récord de la 4T.
Y nada más para que sepan: Corea del Sur, Japón, Australia, Estados Unidos y Canadá van a recuperar su economía entre 8 meses y 1 año y medio. México…. 6 años a partir de 2021. Y esos 6 años, son para igualar la economía que Peña Nieto nos dejó en 2018. De ese tamaño es la INEPTITUD de la 4T.
Y para terminar: Ojalá y muchos de ustedes se den cuenta de las mentiras del presidente y de su gabinete y les caiga el veinte del daño IRREPARABLE que ya nos hizo este gobierno, y que el 6 de Junio de 2021, POR EL BIEN DE MEXICO, ojalá y voten en contra de Morena. Yo sé lo que les digo. 
",,http://www.eluniversal.com.mx/opinion/carlos-alazraki/carta-dirigida-los-fanaticos-de-morena-pan-no-circo-si
,,https://www.eluniversal.com.mx/edicion-impresa
,,http://www.eluniversal.com.mx/autor-opinion/columnistas/hector-de-mauleon/en-tercera-persona
